Angle,V_bus,V_shunt,current,time,Angle.1,V_bus.1,V_shunt.1,current.1,time.1,Angle.2,V_bus.2,V_shunt.2,current.2,time.2,Angle.3,V_bus.3,V_shunt.3,current.3,time.3,Angle.4,V_bus.4,V_shunt.4,current.4,time.4,Angle.5,V_bus.5,V_shunt.5,current.5,time.5,Angle.6,V_bus.6,V_shunt.6,current.6,time.6,Angle.7,V_bus.7,V_shunt.7,current.7,time.7,Angle.8,V_bus.8,V_shunt.8,current.8,time.8,Angle.9,V_bus.9,V_shunt.9,current.9,time.9,Angle.10,V_bus.10,V_shunt.10,current.10,time.10,Angle.11,V_bus.11,V_shunt.11,current.11,time.11,Angle.12,V_bus.12,V_shunt.12,current.12,time.12,Angle,V_bus,V_shunt,current,time
0.0,9.68,-0.01,-0.5,0.0,359.91,1.93,-19.34,-193.1,0.0,7359.91,0.0,-24.64,-363.5,0.9444301128387452,59.91,8.28,-55.99,-559.9,0.0,0.0,3.98,-72.52,-724.8,0.9440076351165771,0.0,0.88,-91.82,-897.2,0.9392521381378174,359.91,0.41,-110.72,-1113.9,0.0,0.0,6.59,-129.85,-1298.6,0.0,359.91,3.4,-142.72,-1426.7,0.0,359.91,11.21,-155.48,-1554.5,0.9347381591796876,359.91,8.03,-167.5,-1674.0,0.9546654224395752,0.0,11.13,-173.47,-1735.0,0.943995714187622,0.0,0.0,-157.69,-1786.9,0.9454538822174072,359.91,0.58,-197.73,-1981.3,0.0
0.0,2.84,-0.02,-0.3,0.0,359.91,0.56,-19.36,-193.3,0.0,359.91,2.79,-37.78,-378.9,0.9778838157653807,359.91,0.88,-56.06,-560.8,0.0,0.0,9.71,-72.46,-724.5,0.9606609344482422,0.0,0.0,-68.98,-837.9,0.9558320045471193,0.0,0.17,-109.44,-1114.4,0.0,0.0,0.0,-96.84,-1014.1,0.0063588619232177,359.91,10.38,-142.72,-1427.1,0.0,359.91,3.55,-155.47,-1554.6,0.9676382541656494,359.91,5.94,-167.42,-1674.7,0.9868571758270264,0.0,3.92,-173.5,-1735.7,0.9775447845458984,0.0,4.78,-192.71,-1930.3,0.9627010822296144,359.91,1.73,-198.07,-1981.3,0.0
0.0,0.0,-0.05,-0.3,0.0,359.91,3.24,-19.37,-193.6,0.0,359.91,11.76,-37.9,-379.1,1.0106217861175537,359.91,4.86,-56.07,-560.8,0.0,0.0,2.66,-72.46,-724.4,0.9943790435791016,0.0,1.94,-91.83,-918.0,0.9891369342803956,0.0,4.18,-111.44,-1114.7,0.0,0.0,10.68,-129.81,-1297.2,0.0067222118377685,359.91,0.0,-116.07,-1338.8,0.0,359.91,0.82,-155.51,-1198.7,1.0066072940826416,359.91,0.88,-167.49,-1674.6,1.0133614540100098,0.0,0.84,-173.42,-1401.2,1.0100197792053225,0.0,7.31,-193.02,-1930.4,0.9962007999420166,359.91,5.69,-198.0,-1980.6,0.0
0.0,0.0,-0.06,-0.2,0.0,359.91,0.07,-18.7,-193.4,0.0,359.91,9.57,-37.89,-378.5,1.0424683094024658,359.91,0.0,-42.58,-556.6,0.0,0.0,0.36,-72.06,-725.0,1.0266027450561523,0.0,1.82,-91.92,-918.7,1.0225324630737305,359.91,0.41,-110.72,-1113.9,0.0150032043457031,0.0,0.0,-95.37,-1187.2,0.9638264179229736,359.91,3.4,-142.72,-1426.7,0.0,0.0,0.0,-119.42,-1369.8,1.0347537994384766,359.91,0.0,-134.42,-1445.0,1.0383670330047607,0.0,2.44,-173.49,-1734.6,1.027034044265747,0.0,3.51,-192.85,-1930.1,1.0294389724731443,359.91,0.58,-197.73,-1981.3,0.0
359.91,8.57,-0.04,0.0,0.0,359.91,1.93,-19.34,-193.1,0.0,10.55,1.19,-37.88,-378.7,1.060274600982666,359.91,8.28,-55.99,-559.9,0.0,0.0,8.3,-72.49,-725.0,1.0442359447479248,0.0,0.0,-85.2,-909.9,1.0405640602111816,348.75,7.04,-111.67,-1116.6,0.9838688373565674,0.0,0.59,-129.31,-1294.4,0.996924877166748,359.91,0.81,-142.14,-1421.5,0.9767796993255616,0.0,10.18,-155.56,-1555.4,1.0672850608825684,359.91,6.62,-167.27,-1673.0,1.07379412651062,0.0,0.26,-172.17,-1732.5,1.060840129852295,359.91,1.0,-192.99,-1665.9,1.0620396137237549,359.91,1.73,-198.07,-1981.3,0.0
0.0,9.68,-0.01,-0.5,0.0,359.91,0.56,-19.36,-193.3,0.0,359.91,2.74,-37.89,-379.1,1.093839168548584,0.0,0.0,-53.23,-554.1,0.9654691219329834,0.0,0.22,-72.62,-467.6,1.0772829055786133,0.0,10.19,-91.62,-916.0,1.072551965713501,0.0,1.66,-111.62,-1116.8,1.016612529754639,0.0,0.0,-94.05,-967.9,1.0302088260650637,359.91,9.94,-142.17,-1422.1,1.0095436573028564,0.0,0.0,-120.26,-1214.6,1.083954095840454,349.45,0.02,-155.55,-1671.7,1.1046159267425537,0.0,3.5,-173.39,-1733.9,1.0941357612609863,359.91,7.25,-192.92,-1929.6,1.0956509113311768,359.91,5.69,-198.0,-1980.6,0.0
0.0,2.84,-0.02,-0.3,0.0,359.91,3.24,-19.37,-193.6,0.0,0.0,4.5,-37.86,-378.8,1.1104953289031982,0.0,2.84,-55.81,-558.0,0.9977960586547852,0.0,0.64,-72.6,-726.9,1.1090316772460938,359.91,0.0,-63.55,-650.0,1.104034185409546,0.0,1.46,-111.64,-1116.6,1.0425302982330322,0.0,4.07,-129.53,-1295.5,1.0616543292999268,359.91,3.21,-142.05,-1420.6,1.0435874462127686,359.91,6.88,-155.53,-1555.6,1.1177453994750977,359.91,2.74,-167.15,-1670.6,1.1376659870147705,0.0,0.0,-156.91,-1700.8,1.1108441352844238,0.0,0.82,-192.91,-1929.1,1.1136186122894287,359.91,0.0,-162.48,-1701.1,0.9772653579711914
0.0,0.0,-0.05,-0.3,0.0,359.91,0.07,-18.7,-193.4,0.0,0.0,0.0,-23.22,-269.0,1.1442832946777344,0.0,1.24,-55.79,-558.3,1.0156164169311523,0.0,6.08,-72.81,-727.7,1.1326308250427246,359.91,11.81,-91.46,-914.8,1.1373786926269531,0.0,3.73,-111.61,-1116.7,1.0673928260803225,0.0,1.12,-129.64,-1296.3,1.081560134887695,359.91,0.66,-142.04,-1421.0,1.0767409801483154,0.0,0.0,-122.43,-1279.9,1.151625394821167,359.91,1.82,-166.99,-1670.6,1.1703753471374512,359.91,4.02,-173.15,-1731.8,1.1440327167510986,10.11,5.94,-192.88,-1928.8,1.146693229675293,359.91,0.35,-196.09,-1973.8,1.0108866691589355
0.0,0.0,-0.06,-0.2,0.0,359.91,0.0,-14.61,-182.7,0.9616146087646484,0.0,4.8,-37.89,-378.6,1.17771577835083,0.0,0.42,-55.48,-556.5,1.049018621444702,0.0,0.0,-44.87,-490.1,1.1604697704315186,359.91,0.0,-59.95,-632.4,1.1558520793914795,0.0,2.39,-111.68,-1117.2,1.1006739139556885,359.91,5.51,-129.66,-1296.7,1.1197991371154783,0.0,2.7,-142.03,-1420.2,1.094839096069336,0.0,10.72,-155.42,-1553.5,1.1841256618499756,0.0,2.17,-167.12,-1670.2,1.1869919300079346,359.91,0.63,-172.92,-1732.1,1.177478551864624,359.91,0.0,-192.89,-1536.3,1.1793162822723389,359.91,7.96,-197.41,-1973.9,1.0442698001861572
359.91,8.57,-0.04,0.0,0.0,359.91,2.67,-19.38,-193.6,0.9949178695678712,0.0,2.96,-37.87,-378.9,1.1942288875579834,0.0,9.11,-55.78,-558.1,1.0657389163970947,0.0,3.99,-72.62,-727.1,1.1773874759674072,359.91,10.74,-91.66,-916.5,1.1888668537139893,359.91,2.37,-111.43,-1118.5,1.134164333343506,359.91,0.0,-90.9,-947.8,1.1468360424041748,0.0,0.07,-137.73,-1415.8,1.1305873394012451,349.89,0.0,-122.64,-1508.1,1.2172181606292725,0.0,0.6,-166.28,-1671.4,1.2206203937530518,0.0,3.16,-172.91,-1730.4,1.210659742355347,359.91,9.04,-192.9,-1929.0,1.215969800949097,359.91,0.0,-159.99,-1665.8,1.0775878429412842
0.0,1.3,0.0,0.0,0.9595096111297609,359.91,1.5,-19.37,-193.7,1.0285565853118896,0.0,0.0,-26.22,-339.1,1.2329161167144775,0.0,0.0,-55.82,-338.6,1.1019034385681152,0.0,3.96,-72.79,-728.3,1.209883451461792,359.91,0.21,-91.66,-635.1,1.222179651260376,8.96,2.77,-111.77,-1118.0,1.1509449481964111,359.91,3.93,-129.59,-1296.0,1.1801795959472656,0.0,4.36,-141.95,-1419.3,1.1599531173706057,359.91,4.51,-155.53,-1554.5,1.249541997909546,0.0,4.89,-167.06,-1671.2,1.2538838386535645,0.0,0.02,-161.69,-1721.3,1.2440381050109863,0.0,0.0,-192.83,-1576.7,1.2446413040161133,359.91,6.3,-197.36,-1973.6,1.1102049350738525
0.0,0.0,-0.03,0.1,0.9769787788391112,359.91,6.14,-19.42,-193.9,1.0607693195343018,0.0,7.26,-37.81,-378.6,1.2603960037231443,0.0,2.6,-55.83,-558.5,1.132524490356445,359.91,0.0,-59.11,-726.4,1.243652582168579,359.91,4.26,-91.63,-916.0,1.238778591156006,0.0,0.02,-107.67,-1117.2,1.1836941242218018,359.91,0.0,-119.22,-962.7,1.2126314640045166,0.0,0.0,-116.57,-1328.4,1.1917827129364014,359.91,0.35,-154.39,-1554.5,1.2824115753173828,0.0,0.0,-139.92,-1653.9,1.2882835865020752,0.0,5.22,-172.93,-1729.2,1.2758116722106934,0.0,5.92,-192.84,-1928.2,1.2623491287231443,359.91,0.0,-171.81,-1913.6,1.1436312198638916
0.0,0.54,-0.03,-0.3,1.0086593627929688,359.91,0.0,-14.74,-193.1,1.0782887935638428,0.0,2.18,-37.87,-378.3,1.28513503074646,0.0,5.96,-55.87,-558.7,1.1490275859832764,0.0,11.14,-72.95,-729.5,1.2603602409362793,0.0,2.74,-91.57,-915.5,1.2722437381744385,0.0,4.7,-111.68,-1116.7,1.2172293663024902,359.91,11.06,-129.65,-1296.7,1.2452409267425537,0.0,7.07,-141.75,-1417.8,1.209956169128418,359.91,1.89,-155.6,-1554.5,1.3075170516967771,0.0,7.54,-167.14,-1671.5,1.3045506477355957,0.0,0.0,-140.07,-1568.7,1.2948312759399414,0.0,1.0,-192.82,-1928.2,1.3054280281066897,359.91,2.73,-197.4,-1974.0,1.166818618774414
0.0,0.0,0.01,-0.3,1.0267815589904783,0.0,9.51,-19.38,-193.9,1.1117429733276367,0.0,0.0,-34.91,-374.8,1.311889410018921,0.0,0.0,-34.58,-344.2,1.1826250553131104,359.91,0.0,-46.08,-532.1,1.294907569885254,0.0,0.0,-66.53,-892.4,1.3064165115356443,359.91,0.28,-110.59,-1114.6,1.250499248504639,359.91,0.0,-99.44,-1126.6,1.2634756565093994,0.0,0.0,-103.79,-1133.7,1.2436182498931885,359.91,1.2,-155.45,-1555.1,1.337308645248413,0.0,0.0,-131.24,-1353.7,1.3395514488220217,0.0,9.86,-173.05,-1730.9,1.3286664485931396,0.0,5.04,-192.7,-1927.5,1.3345236778259275,359.91,0.28,-195.99,-1974.1,1.1939489841461182
0.0,0.5,-0.05,-0.4,1.0497968196868896,0.0,1.85,-19.4,-193.8,1.128265142440796,0.0,12.13,-37.89,-378.8,1.3302183151245115,0.0,3.57,-55.88,-558.9,1.2142951488494873,359.91,9.03,-72.94,-729.1,1.3299789428710938,0.0,9.2,-91.38,-913.9,1.3275713920593262,359.91,1.88,-111.51,-1114.5,1.2840633392333984,359.91,5.82,-129.71,-1297.9,1.2973895072937012,0.0,10.34,-141.82,-1418.3,1.2767634391784668,359.91,0.81,-155.58,-1176.9,1.376999855041504,0.0,10.4,-167.12,-1671.5,1.376744508743286,0.0,0.0,-149.18,-1401.0,1.3626444339752195,0.0,1.6,-192.69,-1926.8,1.3634545803070068,359.91,1.56,-197.4,-1973.8,1.2273402214050293
0.0,5.35,-0.01,-0.1,1.077035903930664,0.0,0.03,-18.43,-193.5,1.1616432666778564,0.0,0.35,-37.86,-228.4,1.3712332248687744,0.0,4.81,-55.84,-558.2,1.232813835144043,0.0,1.91,-72.96,-729.3,1.3580851554870603,0.0,2.02,-91.35,-913.5,1.3593895435333252,359.91,2.7,-111.34,-1113.6,1.3172411918640137,359.91,0.0,-123.78,-1289.7,1.3344924449920654,0.0,0.0,-119.27,-1085.6,1.3103222846984863,359.91,10.28,-155.58,-1555.4,1.407505989074707,0.0,0.0,-131.67,-1352.4,1.4016780853271484,0.0,9.47,-172.99,-1729.8,1.3763675689697266,0.0,0.55,-192.27,-1927.4,1.378488302230835,359.91,6.38,-197.37,-1974.1,1.260911226272583
349.45,3.45,0.02,0.0,1.0933470726013184,0.0,10.64,-19.37,-193.5,1.1961278915405271,0.0,2.05,-37.73,-378.8,1.392366647720337,0.0,0.0,-34.11,-377.8,1.2660813331604004,0.0,0.0,-66.14,-729.8,1.3765788078308103,0.0,0.0,-79.61,-909.5,1.387570858001709,359.91,1.14,-111.21,-762.1,1.3431031703948977,0.0,6.7,-129.9,-1299.1,1.3644814491271973,0.0,6.87,-141.8,-1417.7,1.3391671180725098,359.91,0.0,-123.83,-1324.4,1.4382195472717283,0.0,11.27,-167.05,-1671.4,1.436988115310669,359.91,0.0,-139.34,-1405.7,1.4233567714691162,0.0,2.64,-192.63,-1927.0,1.4104511737823486,359.91,0.54,-197.3,-1606.6,1.2945005893707275
359.91,0.0,-0.05,-0.5,1.1269428730010986,0.0,0.0,-19.38,-116.1,1.2120397090911863,0.0,7.36,-37.89,-379.0,1.4244155883789062,0.0,3.47,-55.82,-558.2,1.2824409008026123,0.0,11.44,-72.9,-729.0,1.4121859073638916,359.91,6.46,-91.26,-913.0,1.405266284942627,359.91,5.21,-111.16,-1111.3,1.3792531490325928,10.11,0.0,-100.71,-1272.9,1.3950393199920654,0.0,0.96,-141.87,-1418.2,1.3591806888580322,359.91,4.62,-155.58,-1555.5,1.469388484954834,0.0,0.0,-166.91,-1319.5,1.452596664428711,0.0,11.26,-172.75,-1727.2,1.443110466003418,0.0,0.0,-162.06,-1911.3,1.4417715072631836,359.91,8.32,-197.32,-1973.5,1.3309617042541504
0.0,0.0,-0.04,0.0,1.150259017944336,0.0,1.46,-19.33,-193.6,1.250972032546997,348.75,0.0,-25.69,-311.1,1.4531762599945068,0.0,3.4,-55.76,-558.0,1.3162472248077393,359.91,0.0,-45.53,-567.6,1.440958023071289,0.0,0.0,-77.89,-644.0,1.4365906715393066,359.91,0.0,-96.26,-800.5,1.3982841968536377,0.0,7.56,-129.8,-1298.2,1.41440749168396,0.0,6.24,-141.9,-1419.1,1.389913558959961,359.91,0.0,-144.93,-1554.5,1.5006694793701172,0.0,8.33,-167.02,-1669.8,1.484581708908081,0.0,0.02,-172.77,-1388.7,1.470980882644653,0.0,5.97,-192.6,-1926.0,1.4730689525604248,359.91,0.0,-163.87,-1705.9,1.359645128250122
0.0,2.12,-0.04,-0.1,1.1761462688446045,0.0,6.07,-19.33,-193.7,1.2782835960388184,0.0,6.72,-37.87,-378.7,1.4756600856781006,0.0,0.0,-36.85,-443.8,1.3498032093048096,359.91,9.86,-72.59,-726.0,1.4603617191314695,359.91,5.08,-91.29,-912.8,1.4678869247436523,0.0,3.27,-110.98,-1110.1,1.4296579360961914,0.0,0.0,-93.2,-1060.3,1.4427335262298584,0.0,1.39,-141.95,-1419.5,1.4211556911468506,359.91,2.7,-155.3,-1553.1,1.532987117767334,0.0,1.04,-167.04,-1407.4,1.5158472061157229,359.91,9.76,-172.59,-1726.6,1.513761043548584,359.91,0.0,-171.38,-1923.9,1.5059163570404053,359.91,5.41,-197.35,-1973.2,1.3924317359924316
349.45,9.91,0.01,-0.3,1.1936602592468262,359.91,0.0,-13.17,-190.4,1.3106977939605713,359.91,1.2,-37.88,-323.9,1.50697660446167,0.0,7.36,-55.78,-558.2,1.3789680004119873,359.91,0.0,-72.74,-441.7,1.4916017055511477,359.91,1.02,-91.44,-596.5,1.499126672744751,10.11,1.46,-110.78,-1107.8,1.4672911167144775,0.0,6.99,-129.79,-1298.0,1.4740376472473145,0.0,0.73,-141.88,-1419.8,1.4526140689849854,359.91,1.12,-155.35,-1553.6,1.550475835800171,0.0,1.7,-166.89,-1669.4,1.5472064018249512,0.0,0.0,-143.79,-1387.4,1.5423743724822998,0.0,5.11,-192.6,-1925.5,1.5362741947174072,359.91,0.04,-181.77,-1953.2,1.4080390930175781
359.91,2.38,0.0,-0.4,1.2255327701568604,359.91,9.89,-19.32,-193.4,1.329615592956543,0.0,0.5,-37.77,-378.2,1.522636651992798,0.0,2.21,-55.81,-557.6,1.402249813079834,359.91,2.81,-72.61,-726.3,1.5264627933502195,359.91,4.07,-91.45,-914.7,1.530503273010254,0.0,3.68,-110.59,-1106.4,1.4976329803466797,359.91,0.0,-93.51,-957.2,1.5052683353424072,0.0,2.54,-142.05,-1419.9,1.4838902950286863,359.91,0.82,-155.4,-1553.8,1.5943121910095217,0.0,1.9,-166.96,-1669.8,1.5785250663757324,0.0,9.71,-172.83,-1728.3,1.5599665641784668,0.0,0.0,-157.67,-1638.2,1.567530870437622,359.91,2.35,-197.25,-1972.4,1.443688154220581
359.91,0.0,-0.03,-0.4,1.2504653930664062,0.0,0.84,-19.32,-112.9,1.3643388748168943,359.91,3.57,-37.88,-378.6,1.5570414066314695,0.0,0.0,-43.4,-555.0,1.432170867919922,359.91,1.37,-72.55,-725.9,1.554325819015503,0.0,3.43,-91.39,-914.1,1.5461442470550537,0.0,2.5,-110.54,-1104.8,1.516329050064087,359.91,10.69,-129.65,-1296.3,1.5366599559783936,359.91,0.64,-141.55,-1420.6,1.5151240825653076,359.91,7.91,-155.3,-1552.6,1.6161181926727295,359.91,5.26,-166.92,-1669.8,1.6099238395690918,10.55,0.0,-168.34,-1385.5,1.5960054397583008,0.0,7.66,-192.51,-1924.8,1.5831499099731443,0.0,0.18,-193.4,-1965.0,1.4761099815368652
0.0,0.6,-0.02,-0.7,1.2753582000732422,0.0,0.6,-19.35,-193.8,1.3776333332061768,359.91,0.0,-35.85,-376.0,1.5854356288909912,0.0,11.74,-55.76,-557.5,1.4611492156982422,359.91,1.58,-72.59,-725.9,1.5855631828308103,0.0,0.0,-64.28,-671.6,1.587693452835083,0.0,0.16,-109.07,-1103.5,1.5475854873657229,359.91,0.0,-96.12,-1057.0,1.5680110454559326,0.0,2.94,-142.06,-1420.7,1.54677152633667,0.0,0.99,-155.24,-1353.4,1.647366285324097,359.91,0.89,-166.99,-1303.0,1.6411442756652832,10.11,8.76,-172.71,-1726.6,1.6228957176208496,0.0,0.0,-153.5,-1556.7,1.6147630214691162,0.0,5.01,-197.25,-1972.1,1.5069401264190674
0.0,7.52,0.02,-0.1,1.2941858768463137,0.0,7.5,-19.36,-193.7,1.4089841842651367,359.91,6.56,-37.86,-378.2,1.6166560649871826,0.0,1.26,-55.77,-558.1,1.4820377826690674,359.91,2.56,-72.61,-726.1,1.616751194000244,359.91,11.28,-91.56,-915.9,1.6044127941131592,0.0,4.1,-110.74,-1106.6,1.5831763744354248,359.91,8.37,-129.71,-1296.7,1.6061086654663086,0.0,0.03,-135.63,-1419.5,1.56251859664917,0.0,2.0,-155.43,-1554.4,1.678730010986328,359.91,10.93,-167.02,-1670.7,1.6757688522338867,0.0,0.88,-172.55,-1384.1,1.6542870998382568,0.0,8.69,-192.45,-1924.0,1.647596836090088,359.91,0.1,-187.06,-1969.9,1.538182258605957
0.0,8.78,-0.01,-0.1,1.3119382858276367,0.0,0.0,-11.43,-124.2,1.4402437210083008,359.91,0.0,-25.62,-324.0,1.647803783416748,0.0,0.62,-55.61,-558.4,1.5143284797668457,0.0,0.0,-55.88,-692.3,1.6325032711029053,359.91,0.0,-61.85,-619.3,1.6357510089874268,0.0,0.0,-90.54,-1061.2,1.598686456680298,348.75,0.0,-100.33,-1279.4,1.634819507598877,0.0,4.72,-142.18,-1421.8,1.5936884880065918,0.0,2.06,-155.47,-1554.7,1.7100789546966553,0.0,0.0,-147.51,-1310.2,1.7031538486480713,0.0,2.76,-172.61,-1727.1,1.6856589317321775,0.0,0.69,-192.44,-1810.1,1.6783747673034668,359.91,2.2,-197.15,-1970.9,1.569326639175415
0.0,2.48,-0.03,-0.3,1.345008134841919,0.0,1.25,-19.31,-193.5,1.4716269969940186,359.91,10.41,-37.84,-378.3,1.6797852516174316,0.0,8.68,-55.86,-558.6,1.542832374572754,0.0,8.92,-72.36,-723.4,1.663848876953125,0.0,5.2,-91.94,-919.2,1.667017698287964,359.91,6.96,-110.77,-1107.4,1.6300454139709473,359.91,3.58,-129.56,-1296.2,1.6612951755523682,0.0,0.0,-114.09,-1296.1,1.6318020820617676,0.0,1.0,-155.29,-1554.4,1.7414417266845703,0.0,9.41,-167.42,-1674.4,1.7345094680786133,0.0,1.6,-172.65,-1726.0,1.7169256210327148,0.0,4.48,-192.39,-1924.1,1.7102243900299072,359.91,4.28,-197.04,-1971.7,1.6012048721313477
0.0,0.0,-0.05,-0.4,1.369441032409668,0.0,5.34,-19.32,-193.7,1.4872775077819824,0.0,0.0,-37.84,-222.3,1.711034059524536,0.0,0.0,-55.86,-361.5,1.5648200511932373,0.0,1.87,-72.38,-724.1,1.6950914859771729,0.0,3.15,-91.74,-917.7,1.6982650756835938,359.91,0.0,-100.09,-1108.2,1.6614367961883545,0.0,0.0,-109.65,-1255.1,1.6925537586212158,359.91,3.78,-142.36,-1423.1,1.659032106399536,0.0,3.12,-155.4,-1553.8,1.772714138031006,0.0,0.8,-167.43,-1674.1,1.7657513618469238,359.91,6.59,-172.22,-1722.3,1.7486572265625,349.89,0.91,-192.44,-1531.9,1.7323017120361328,10.11,1.15,-197.08,-1971.2,1.6324231624603271
0.0,0.0,-0.05,0.0,1.3917839527130127,0.0,0.0,-11.44,-156.5,1.518623113632202,0.0,1.24,-37.84,-378.8,1.740222454071045,0.0,2.99,-55.65,-558.3,1.596149206161499,0.0,0.0,-68.98,-716.6,1.726884126663208,0.0,0.0,-62.8,-735.2,1.714015007019043,349.89,2.82,-110.88,-1108.6,1.6927871704101562,359.91,3.07,-129.5,-1295.4,1.724540948867798,0.0,0.0,-122.62,-1374.3,1.689462184906006,0.0,0.0,-146.73,-1545.1,1.7883169651031494,0.0,4.09,-167.4,-1674.9,1.781489372253418,359.91,0.72,-172.36,-1383.7,1.7800111770629885,359.91,9.1,-192.4,-1924.3,1.776968479156494,0.0,0.45,-195.57,-1970.8,1.666471004486084
359.91,3.2,-0.03,-0.1,1.407533884048462,0.0,3.6,-19.35,-193.6,1.549882888793945,0.0,5.59,-37.85,-378.5,1.7605855464935305,0.0,6.31,-55.76,-557.8,1.6123788356781006,0.0,10.18,-72.1,-720.9,1.7517812252044678,0.0,4.42,-91.59,-915.6,1.745384931564331,359.91,3.58,-110.81,-1108.2,1.7240557670593262,0.0,0.0,-118.64,-1276.9,1.7557992935180664,359.91,4.38,-142.49,-1424.7,1.720773220062256,0.0,5.17,-155.46,-1554.7,1.819476842880249,0.0,2.26,-167.31,-1673.3,1.8128395080566408,359.91,11.01,-172.33,-1723.7,1.8112361431121824,359.91,0.0,-153.89,-1575.9,1.810185670852661,0.0,2.74,-197.03,-1970.6,1.6958847045898438
0.0,6.05,-0.03,-0.4,1.4387640953063965,0.0,3.52,-19.31,-193.4,1.581653118133545,0.0,0.0,-22.24,-239.2,1.7919445037841797,0.0,0.0,-33.86,-386.3,1.643747091293335,0.0,0.03,-71.95,-452.2,1.7777137756347656,0.0,2.17,-91.39,-913.2,1.7765169143676758,0.0,2.29,-111.31,-1114.0,1.7558870315551758,0.0,5.23,-129.6,-1296.0,1.771538257598877,0.0,0.0,-116.15,-1416.0,1.7526233196258545,0.0,0.0,-120.56,-1393.4,1.8508307933807373,0.0,0.4,-166.37,-1673.6,1.844066143035889,359.91,0.0,-145.6,-1587.1,1.8436245918273928,359.91,5.66,-192.36,-1923.3,1.8259475231170652,0.0,0.06,-183.27,-1967.8,1.7100679874420166
0.0,1.84,-0.04,-0.3,1.454536199569702,0.0,0.0,-12.26,-186.7,1.5973801612854004,0.0,3.73,-37.87,-378.8,1.8075511455535889,359.91,5.51,-55.78,-558.0,1.674999713897705,0.0,1.34,-72.0,-719.4,1.809067249298096,0.0,0.0,-73.92,-866.9,1.8084518909454343,0.0,0.28,-110.24,-1116.1,1.7871463298797607,0.0,0.0,-94.64,-1092.0,1.8027517795562744,0.0,6.92,-142.58,-1426.3,1.785503625869751,0.0,9.99,-155.43,-1553.7,1.8820960521698,0.0,3.35,-167.32,-1673.0,1.8758399486541748,359.91,3.68,-172.45,-1724.7,1.859670162200928,0.0,0.0,-154.47,-1615.6,1.8571810722351076,0.0,4.22,-197.01,-1970.0,1.7413206100463867
0.0,0.0,-0.04,-0.6,1.4859049320220947,0.0,5.46,-19.36,-193.5,1.6286399364471436,0.0,3.47,-37.86,-378.4,1.838803768157959,0.0,2.45,-55.74,-558.2,1.706733465194702,359.91,3.12,-72.05,-720.5,1.8272688388824463,0.0,10.99,-91.26,-912.3,1.824099063873291,0.0,3.69,-111.34,-1113.0,1.818497896194458,0.0,8.62,-129.76,-1297.1,1.83465313911438,0.0,0.0,-108.58,-1138.5,1.8141648769378664,0.0,0.0,-135.15,-1214.0,1.9173173904418943,0.0,0.0,-152.37,-1646.1,1.9072105884552,359.91,0.17,-168.83,-1726.2,1.9069583415985107,0.0,9.52,-192.19,-1922.3,1.888418197631836,359.91,0.18,-193.85,-1963.5,1.7767508029937744
0.0,0.46,-0.06,-0.1,1.5015325546264648,0.0,2.41,-19.32,-193.5,1.659886360168457,0.0,0.0,-23.97,-291.3,1.870664358139038,0.0,0.0,-45.33,-557.0,1.722501277923584,0.0,0.0,-48.83,-595.3,1.856605052947998,0.0,1.03,-91.24,-912.3,1.859346866607666,0.0,0.0,-92.91,-1073.1,1.8498156070709229,0.0,0.96,-129.78,-942.5,1.8658926486969,0.0,9.96,-142.64,-1425.6,1.8321218490600584,359.91,8.68,-155.34,-1552.8,1.950123310089112,0.0,5.77,-167.2,-1671.6,1.9228334426879885,359.91,2.22,-172.46,-1724.5,1.9255735874176023,359.91,0.0,-153.69,-1666.2,1.9201834201812744,0.0,3.36,-196.92,-1969.3,1.804577112197876
0.0,3.66,-0.04,-0.1,1.5327801704406738,0.0,0.08,-16.02,-193.2,1.69126296043396,0.0,3.6,-37.84,-378.5,1.886409997940064,0.0,10.93,-55.82,-558.1,1.7537364959716797,0.0,6.12,-72.12,-721.3,1.887897491455078,0.0,0.46,-90.86,-911.9,1.8914918899536133,0.0,8.43,-110.19,-1101.8,1.881192922592163,0.0,3.67,-129.74,-1298.1,1.897075653076172,0.0,0.0,-121.25,-1061.1,1.8589146137237549,359.91,0.0,-127.15,-1434.3,1.9669952392578125,0.0,0.0,-132.46,-1444.8,1.97083067893982,359.91,2.49,-172.39,-1724.0,1.957488775253296,359.91,5.59,-192.23,-1922.1,1.9515388011932373,0.0,0.0,-170.24,-1884.2,1.835787057876587
0.0,8.06,-0.03,-0.4,1.5508627891540527,359.91,7.71,-19.36,-193.4,1.706859111785889,359.91,1.16,-37.86,-378.5,1.917677402496338,0.0,1.08,-55.86,-538.2,1.7848689556121826,0.0,2.25,-72.16,-720.9,1.919074773788452,0.0,7.36,-91.07,-910.6,1.912248134613037,359.91,0.0,-79.45,-1030.2,1.8967788219451904,359.91,1.08,-129.77,-922.3,1.9285635948181152,0.0,6.8,-142.59,-1425.8,1.89015793800354,359.91,3.59,-155.42,-1554.2,2.0094668865203857,0.0,8.48,-167.0,-1670.1,1.986510753631592,359.91,0.67,-172.29,-1499.3,1.994806766510009,359.91,0.06,-178.6,-1906.2,1.98279333114624,0.0,7.33,-196.9,-1968.6,1.8670756816864014
359.91,1.16,-0.04,-0.3,1.5801606178283691,0.0,0.0,-17.35,-115.7,1.7438311576843262,359.91,1.56,-37.85,-378.8,1.957441806793213,0.0,0.46,-55.77,-558.5,1.8168601989746087,0.0,0.0,-58.9,-699.8,1.9353370666503904,0.0,0.0,-90.86,-601.4,1.9360833168029783,359.91,7.28,-110.6,-1106.3,1.9436795711517327,0.0,0.82,-129.63,-1297.7,1.944302320480347,0.0,0.96,-142.63,-1425.9,1.9214191436767576,359.91,0.11,-151.79,-1554.4,2.0303173065185547,0.0,0.0,-166.76,-1352.8,2.017230033874512,0.0,5.84,-172.13,-1721.7,2.0300180912017822,359.91,2.4,-192.22,-1921.8,2.014543294906616,0.0,0.0,-159.46,-1664.8,1.8987343311309814
359.91,0.05,-0.02,-0.1,1.6113548278808594,10.11,3.15,-19.34,-193.4,1.7738215923309326,359.91,3.0,-37.86,-378.3,1.975874662399292,0.0,8.02,-55.86,-558.6,1.832591533660889,359.91,7.32,-72.27,-722.5,1.973433256149292,0.0,2.35,-90.9,-909.6,1.9673540592193604,0.0,0.0,-78.4,-966.4,1.968205451965332,10.11,1.64,-129.67,-1297.0,1.99114990234375,0.0,0.98,-142.49,-1426.3,1.952808856964112,359.91,2.2,-155.83,-1557.5,2.061454057693481,9.4,8.95,-166.81,-1667.6,2.048553943634033,0.0,1.85,-172.17,-1721.2,2.058784246444702,359.91,0.51,-191.92,-1921.1,2.045799493789673,0.0,9.1,-196.9,-1968.6,1.9144740104675293
359.91,11.86,-0.03,-0.1,1.6270091533660889,359.91,2.12,-19.34,-194.0,1.7933731079101562,10.55,0.0,-33.03,-378.2,2.007241487503052,0.0,0.0,-55.85,-353.1,1.8638553619384768,0.0,0.0,-70.0,-444.9,1.9921166896820068,359.91,2.54,-90.83,-909.1,1.9986066818237305,0.0,5.92,-110.44,-1104.4,1.9975595474243164,0.0,0.5,-129.25,-1294.3,2.015907049179077,0.0,2.31,-142.74,-1427.5,1.9840457439422607,359.91,4.11,-155.76,-1557.6,2.099609851837158,359.91,0.0,-130.89,-1383.1,2.0799829959869385,359.91,3.92,-172.14,-1722.5,2.09165906906128,359.91,1.36,-192.02,-1921.0,2.077157497406006,0.0,0.65,-196.84,-1613.0,1.9469661712646484
0.0,2.45,-0.02,-0.3,1.6588480472564695,0.0,0.0,-18.0,-194.2,1.8245854377746584,359.91,7.79,-37.88,-378.9,2.038449764251709,0.0,0.72,-55.86,-558.4,1.8950648307800293,0.0,1.0,-72.2,-722.0,2.023477554321289,359.91,0.27,-90.21,-908.1,2.03044867515564,348.75,0.0,-88.81,-764.1,2.0167582035064697,0.0,2.89,-129.7,-1297.4,2.0388333797454834,0.0,0.37,-141.35,-1428.7,2.015195369720459,0.0,1.84,-155.81,-1557.7,2.1305036544799805,359.91,7.94,-167.03,-1670.2,2.111346244812012,0.0,1.48,-171.96,-1720.3,2.1203625202178955,359.91,3.84,-192.12,-1921.0,2.107796430587769,0.0,7.24,-196.79,-1968.2,1.9771537780761719
0.0,0.0,-0.03,-0.6,1.674577713012695,0.0,12.16,-19.39,-193.5,1.8557953834533687,359.91,0.0,-24.68,-361.2,2.069852828979492,0.0,6.52,-55.84,-558.3,1.9107065200805664,0.0,5.66,-72.58,-725.5,2.054938316345215,359.91,4.31,-90.89,-909.1,2.0461888313293457,359.91,8.11,-110.54,-1105.4,2.04879117012024,0.0,0.0,-122.38,-1287.5,2.0702126026153564,359.91,1.94,-142.9,-1427.9,2.047102689743042,0.0,1.16,-155.48,-1557.6,2.1617355346679688,359.91,0.0,-143.49,-1607.0,2.142595291137696,0.0,3.12,-172.21,-1720.9,2.144527196884156,359.91,0.0,-192.09,-1556.0,2.1391701698303223,0.0,1.02,-196.79,-1968.0,2.008061647415161
0.0,0.0,-0.03,-0.5,1.7057890892028809,0.0,0.04,-19.41,-113.7,1.8719086647033687,0.0,6.8,-37.85,-378.3,2.085566282272339,0.0,0.0,-33.1,-389.3,1.9524459838867188,359.91,0.0,-51.68,-659.0,2.070597171783448,0.0,0.0,-59.28,-652.0,2.0774385929107666,359.91,0.0,-76.6,-797.2,2.08014178276062,0.0,6.76,-129.6,-1296.0,2.1060774326324463,359.91,6.2,-142.9,-1428.9,2.078468084335327,0.0,2.9,-155.72,-1557.9,2.177366018295288,0.0,6.66,-166.86,-1668.4,2.179973840713501,0.0,2.42,-172.22,-1721.8,2.175286293029785,359.91,8.18,-192.06,-1920.2,2.17177677154541,0.0,3.8,-196.75,-1967.7,2.0394363403320312
0.0,3.12,-0.01,-0.3,1.7370827198028564,0.0,2.52,-19.4,-193.6,1.9032785892486568,359.91,1.26,-37.79,-227.0,2.1167311668396,0.0,1.45,-55.82,-558.5,1.9773037433624268,0.0,6.92,-72.48,-724.4,2.1018331050872803,10.11,5.56,-90.88,-908.7,2.112269639968872,359.91,10.22,-110.18,-1101.3,2.116201400756836,0.0,0.0,-94.72,-1135.9,2.128922700881958,359.91,0.06,-142.87,-1058.6,2.0940804481506348,0.0,0.0,-132.71,-1549.0,2.210134506225586,0.0,0.0,-130.76,-1400.4,2.2030508518218994,0.0,0.29,-171.14,-1722.0,2.190903902053833,0.0,0.0,-158.05,-1525.2,2.1950604915618896,0.0,1.84,-196.65,-1966.4,2.070669651031494
10.11,8.8,-0.03,-0.3,1.753326654434204,0.0,7.46,-19.35,-193.5,1.9344894886016848,359.91,3.56,-37.84,-378.2,2.158116579055786,359.91,1.94,-55.9,-558.0,2.0033605098724365,0.0,2.11,-72.42,-724.0,2.1335434913635254,0.0,2.94,-90.92,-909.9,2.136230230331421,359.91,0.0,-75.57,-885.7,2.147681951522827,0.0,10.1,-129.48,-1294.7,2.160208225250244,0.0,5.01,-142.91,-1428.8,2.1329004764556885,0.0,6.49,-155.5,-1554.8,2.240004062652588,0.0,11.5,-166.7,-1667.0,2.234457492828369,0.0,5.27,-172.34,-1723.4,2.2220723628997803,0.0,7.74,-191.97,-1920.0,2.2357726097106934,0.0,0.12,-187.3,-1963.9,2.1025760173797607
0.0,2.45,-0.04,-0.4,1.78468656539917,0.0,0.0,-11.39,-126.8,1.9661645889282229,359.91,1.79,-37.78,-377.9,2.179990291595459,359.91,0.55,-55.67,-558.3,2.031874895095825,0.0,0.0,-64.69,-714.2,2.1648969650268555,359.91,0.08,-88.43,-910.7,2.167620897293091,0.0,3.69,-110.47,-1105.1,2.163423538208008,359.91,0.0,-96.09,-1234.0,2.1954596042633057,0.0,1.69,-142.83,-1428.1,2.166506052017212,0.0,0.0,-122.03,-1454.7,2.27126145362854,359.91,0.0,-137.14,-1491.8,2.265671730041504,0.0,0.0,-143.57,-1703.3,2.25351881980896,0.0,1.06,-191.94,-1918.9,2.2645537853240967,0.0,3.86,-196.71,-1968.2,2.1337902545928955
0.0,0.0,-0.03,-0.6,1.8003113269805908,0.0,2.72,-19.39,-193.9,1.9819269180297847,359.91,1.79,-37.81,-377.7,2.217883825302124,0.0,7.32,-55.84,-558.2,2.0474538803100586,0.0,11.05,-72.31,-723.0,2.1805222034454346,0.0,9.29,-91.21,-912.2,2.1987335681915283,0.0,1.42,-110.62,-1103.9,2.19456148147583,359.91,6.62,-129.49,-1294.6,2.216240167617798,0.0,0.7,-142.38,-1428.0,2.199533462524414,0.0,9.31,-155.55,-1555.7,2.3106369972229004,359.91,4.18,-166.66,-1666.9,2.297658443450928,0.0,7.86,-172.49,-1724.5,2.284884452819824,0.0,3.91,-191.89,-1919.6,2.292824506759644,0.0,0.0,-166.38,-1942.8,2.1629204750061035
10.55,0.3,-0.02,-0.6,1.8315775394439693,0.0,5.11,-19.42,-194.0,2.013168811798096,359.91,3.39,-37.78,-377.5,2.247971773147583,0.0,0.0,-44.81,-326.8,2.078710556030273,0.0,0.89,-72.37,-515.8,2.21178674697876,0.0,1.09,-91.32,-616.7,2.2148633003234863,359.91,7.36,-110.86,-1108.8,2.225923776626587,359.91,0.0,-115.17,-1278.8,2.2431108951568604,359.91,1.14,-142.69,-1426.8,2.2247445583343506,0.0,0.0,-117.42,-1202.9,2.3339974880218506,359.91,0.56,-166.14,-1666.2,2.328902244567871,0.0,0.0,-138.29,-1390.5,2.316138744354248,0.0,1.94,-191.9,-1919.1,2.310554265975952,0.0,6.22,-196.66,-1966.6,2.1917102336883545
0.0,2.64,-0.02,-0.1,1.8517742156982424,359.91,0.0,-16.08,-193.2,2.044368267059326,359.91,0.08,-36.48,-376.2,2.275982618331909,359.91,3.11,-55.8,-558.6,2.110337018966675,0.0,0.8,-72.36,-723.4,2.247175693511963,0.0,1.6,-91.13,-914.1,2.2462308406829834,359.91,0.0,-75.28,-781.6,2.2573063373565674,359.91,2.73,-129.42,-1295.1,2.289979696273804,359.91,4.97,-142.64,-1426.7,2.256127119064331,0.0,9.32,-155.56,-1555.5,2.365206718444824,359.91,2.51,-166.66,-1667.6,2.3601131439208984,349.45,6.5,-172.51,-1724.6,2.3478481769561768,359.91,4.69,-191.93,-1919.3,2.341920852661133,359.91,0.0,-172.12,-1918.9,2.209652900695801
0.0,6.32,-0.01,-0.1,1.878633499145508,359.91,7.37,-19.41,-194.2,2.076171398162842,0.0,10.68,-37.74,-377.2,2.291600227355957,0.0,2.76,-55.77,-557.8,2.141833782196045,0.0,6.52,-72.41,-723.9,2.2758536338806152,0.0,7.17,-91.43,-914.6,2.2774853706359863,359.91,8.68,-111.05,-1110.9,2.288562536239624,10.55,0.04,-124.43,-1289.7,2.316744327545166,359.91,0.0,-103.43,-1074.3,2.2779784202575684,0.0,0.82,-155.67,-1417.0,2.396502017974853,0.0,0.2,-164.04,-1667.0,2.3919832706451416,0.0,0.0,-140.41,-1461.0,2.3813843727111816,359.91,0.74,-191.87,-1900.2,2.373175382614136,359.91,2.71,-196.55,-1967.3,2.240889310836792
0.0,1.84,0.0,-0.3,1.906336069107056,359.91,0.0,-12.0,-182.5,2.108473300933838,359.91,0.0,-22.61,-268.2,2.3228514194488525,349.45,0.37,-55.34,-557.0,2.173424243927002,0.0,0.0,-52.75,-445.6,2.2927606105804443,0.0,0.0,-80.05,-625.4,2.2931017875671387,0.0,0.85,-111.04,-1063.3,2.319920063018799,0.0,4.54,-129.29,-1292.8,2.3371145725250244,359.91,8.25,-142.61,-1426.2,2.322253465652466,0.0,7.75,-155.74,-1558.0,2.418384790420532,359.91,1.94,-166.7,-1666.9,2.4233551025390625,0.0,11.3,-172.27,-1723.1,2.414793014526367,0.0,3.78,-191.86,-1918.6,2.4084155559539795,359.91,0.28,-194.84,-1965.5,2.2776577472686768
0.0,0.0,-0.02,-0.2,1.924264669418335,359.91,11.6,-19.38,-194.2,2.123585224151612,0.0,2.79,-37.72,-377.1,2.3581833839416504,0.0,8.15,-55.78,-557.8,2.189327478408813,0.0,1.47,-72.26,-722.6,2.3292312622070312,0.0,1.41,-91.43,-914.9,2.324918508529663,0.0,2.68,-111.14,-1111.3,2.351681470870972,10.11,0.0,-115.69,-1290.3,2.368474006652832,0.0,0.0,-133.76,-1082.2,2.341132879257202,0.0,2.06,-155.8,-1558.4,2.4536221027374268,359.91,3.86,-166.6,-1667.0,2.4544870853424072,0.0,0.0,-137.32,-1438.2,2.441920757293701,0.0,1.23,-191.82,-1918.1,2.436161518096924,0.0,2.97,-196.49,-1965.2,2.3040354251861572
0.0,0.0,-0.04,0.1,1.940019607543945,359.91,0.0,-11.66,-169.1,2.161449670791626,0.0,2.92,-37.69,-377.2,2.3860533237457275,0.0,0.23,-55.72,-343.4,2.2208261489868164,0.0,5.19,-72.32,-723.1,2.340367794036865,0.0,5.14,-91.4,-914.2,2.357258081436157,0.0,1.54,-111.07,-1111.4,2.383395195007324,0.0,5.48,-129.17,-1291.5,2.3998262882232666,0.0,5.99,-142.64,-1425.7,2.372498750686645,0.0,0.92,-155.26,-1558.1,2.467746019363404,359.91,0.43,-166.67,-1280.1,2.4861581325531006,359.91,7.7,-172.36,-1724.0,2.457690715789795,0.0,0.39,-191.03,-1917.9,2.4674160480499268,10.11,0.19,-193.89,-1965.5,2.335209608078003
0.0,1.29,-0.05,-0.2,1.9759387969970703,0.0,3.5,-19.43,-194.1,2.1867868900299072,359.91,0.4,-37.43,-376.4,2.401684284210205,0.0,0.72,-55.48,-557.6,2.251952886581421,359.91,0.0,-56.22,-682.1,2.3717432022094727,0.0,0.0,-60.67,-709.0,2.3865010738372803,0.0,3.28,-110.47,-1109.7,2.414771556854248,0.0,0.0,-96.53,-1070.1,2.43166732788086,0.0,0.98,-142.73,-1059.9,2.4037628173828125,0.0,3.15,-155.76,-1558.8,2.5112192630767822,0.0,1.94,-166.68,-1666.6,2.515198469161988,359.91,0.0,-152.13,-1680.7,2.4954323768615723,0.0,2.98,-191.8,-1917.8,2.498556613922119,0.0,3.27,-196.44,-1965.4,2.366511821746826
0.0,10.02,-0.03,-0.3,1.992568016052246,359.91,1.8,-19.38,-194.1,2.2180747985839844,0.0,8.59,-37.74,-376.7,2.432914972305298,0.0,6.89,-55.75,-556.9,2.283318996429444,359.91,10.15,-72.55,-726.0,2.4029853343963623,0.0,4.48,-91.32,-913.7,2.406491994857788,0.0,3.52,-110.96,-1110.5,2.430381298065185,0.0,10.52,-129.11,-1290.9,2.462921380996704,0.0,6.47,-142.74,-1427.5,2.435119152069092,0.0,0.0,-145.65,-1543.4,2.530574321746826,0.0,1.79,-166.56,-1666.2,2.535265684127808,0.0,6.35,-172.38,-1724.0,2.533729791641236,359.91,0.64,-191.68,-1918.6,2.530436992645264,0.0,0.0,-171.25,-1891.5,2.3984391689300537
0.0,3.12,-0.01,-0.5,2.023401021957397,0.0,0.19,-19.05,-194.1,2.253166437149048,0.0,0.35,-37.7,-228.5,2.466262102127075,0.0,0.0,-33.61,-342.6,2.308459520339966,359.91,0.0,-48.92,-624.8,2.4343695640563965,0.0,3.09,-91.28,-912.8,2.436844825744629,0.0,0.0,-95.01,-1107.7,2.472532033920288,0.0,0.0,-94.48,-966.8,2.479370594024658,0.0,1.64,-142.78,-1426.5,2.466500997543335,0.0,5.23,-155.74,-1557.6,2.5618460178375244,0.0,1.79,-166.59,-1665.9,2.566501379013061,359.91,0.0,-147.59,-1717.7,2.558396100997925,359.91,1.2,-191.78,-1917.8,2.561607599258423,0.0,5.39,-196.5,-1964.9,2.429718494415283
0.0,0.0,-0.04,-0.3,2.03899884223938,0.0,10.37,-19.45,-194.1,2.277207374572754,0.0,0.65,-37.69,-376.9,2.4931581020355225,0.0,1.05,-55.63,-557.6,2.330824613571167,349.89,12.03,-72.5,-725.1,2.4675564765930176,0.0,0.0,-62.91,-859.3,2.468104362487793,0.0,8.39,-110.99,-1110.3,2.499209403991699,0.0,4.63,-129.04,-1291.1,2.517539024353028,0.0,0.67,-142.29,-1425.8,2.4976303577423096,0.0,0.0,-124.81,-1377.6,2.593091487884521,359.91,1.42,-166.53,-1666.2,2.598456859588623,359.91,3.34,-172.24,-1723.7,2.5897700786590576,359.91,4.95,-191.81,-1918.0,2.592818021774292,359.91,0.0,-168.1,-1943.9,2.4609711170196533
0.0,0.0,-0.03,-0.1,2.070448160171509,0.0,0.0,-13.78,-109.1,2.292335271835327,359.91,3.13,-37.72,-377.2,2.524059534072876,0.0,5.17,-55.79,-557.4,2.362046241760254,359.91,0.0,-45.28,-547.2,2.49301815032959,0.0,5.98,-91.42,-914.1,2.4837327003479004,0.0,0.0,-77.34,-885.5,2.514984369277954,0.0,1.35,-128.98,-1289.8,2.5424187183380127,0.0,2.7,-142.54,-1426.3,2.51335883140564,0.0,8.02,-155.6,-1556.1,2.6303272247314453,0.0,1.78,-166.63,-1665.4,2.6296370029449463,0.0,0.0,-157.9,-1708.4,2.621021032333374,359.91,0.0,-179.65,-1539.4,2.624675273895264,359.91,3.08,-196.41,-1964.8,2.494428873062134
0.0,2.77,-0.01,-0.4,2.085998296737671,0.0,3.1,-19.45,-194.0,2.323704481124878,359.91,0.13,-37.01,-377.1,2.5552563667297363,10.55,0.0,-36.08,-432.3,2.393324136734009,359.91,8.55,-72.27,-722.7,2.5299742221832275,0.0,2.27,-91.47,-914.7,2.5151307582855225,0.0,3.04,-111.07,-1110.3,2.546749353408813,0.0,0.66,-128.49,-1289.5,2.573599100112915,0.0,0.08,-138.46,-1422.2,2.5446276664733887,0.0,0.0,-118.88,-1222.0,2.6483943462371826,0.0,2.34,-166.45,-1664.6,2.663036823272705,0.0,5.62,-172.34,-1723.3,2.6527106761932373,359.91,9.57,-191.78,-1917.8,2.656045436859131,0.0,0.0,-172.12,-1960.5,2.5100603103637695
0.0,10.94,-0.04,-0.2,2.117363691329956,0.0,5.59,-19.43,-194.7,2.354944467544556,359.91,5.76,-37.69,-377.1,2.5711991786956787,0.0,6.85,-55.84,-558.1,2.4090559482574463,0.0,1.87,-72.3,-723.1,2.55633807182312,0.0,0.0,-73.59,-910.2,2.546492099761963,359.91,0.0,-111.01,-776.9,2.578112840652466,0.0,3.52,-129.05,-1290.6,2.609804391860962,8.96,6.29,-142.47,-1424.0,2.5760018825531006,0.0,6.98,-155.81,-1558.2,2.6796562671661377,359.91,1.94,-166.39,-1664.3,2.6957147121429443,359.91,0.0,-152.94,-1719.7,2.6840686798095703,0.0,0.02,-191.62,-1545.0,2.6817843914031982,0.0,4.98,-196.47,-1964.1,2.54146146774292
0.0,2.28,-0.03,-0.1,2.132988452911377,0.0,0.0,-11.06,-151.6,2.386462926864624,359.91,0.0,-27.15,-346.2,2.6025707721710205,0.0,2.45,-55.79,-557.9,2.447033166885376,351.04,0.64,-72.11,-721.9,2.58754825592041,0.0,10.37,-91.49,-914.5,2.562129259109497,0.0,2.9,-110.96,-1109.5,2.609353542327881,0.0,0.0,-108.96,-1286.9,2.6381759643554688,0.0,0.0,-107.08,-1338.3,2.607250690460205,359.91,0.0,-118.96,-1284.8,2.7115132808685303,359.91,1.2,-166.37,-1585.1,2.7186148166656494,359.91,3.02,-172.3,-1722.2,2.7153255939483643,0.0,5.38,-191.76,-1917.8,2.714407205581665,0.0,0.0,-163.8,-1684.2,2.5787124633789062
0.0,0.0,-0.04,-0.6,2.164691209793091,359.91,10.62,-19.46,-194.2,2.4020776748657227,0.0,7.49,-37.65,-376.5,2.633809804916382,0.0,0.0,-42.47,-532.0,2.4723949432373047,359.91,2.72,-72.16,-722.5,2.603210210800171,0.0,1.06,-91.53,-598.3,2.5933759212493896,0.0,1.68,-110.81,-1107.9,2.6486544609069824,0.0,6.18,-128.98,-1289.7,2.663137912750244,0.0,9.16,-142.33,-1424.4,2.6386077404022217,359.91,7.52,-155.86,-1559.2,2.7433621883392334,0.0,1.64,-166.45,-1663.2,2.749851703643799,0.0,0.04,-164.42,-1723.3,2.7464544773101807,0.0,1.01,-191.77,-1740.0,2.747617483139038,0.0,7.43,-196.41,-1963.9,2.6040866374969482
0.0,0.0,-0.03,-0.6,2.192707300186157,0.0,1.27,-19.44,-194.6,2.433220863342285,0.0,1.7,-37.71,-376.9,2.6653590202331543,0.0,11.94,-55.77,-557.7,2.497137546539306,359.91,0.1,-69.93,-720.7,2.634658098220825,0.0,0.42,-91.07,-915.4,2.626582860946656,0.0,2.3,-110.42,-1106.4,2.6644418239593506,0.0,0.0,-96.8,-1193.1,2.6954479217529297,0.0,0.0,-103.73,-1132.2,2.6699774265289307,0.0,0.0,-119.28,-1227.7,2.7747397422790527,0.0,2.06,-166.56,-1663.3,2.781684398651123,0.0,4.89,-172.42,-1723.9,2.7624189853668213,0.0,4.57,-191.74,-1917.9,2.7763988971710205,0.0,0.0,-159.69,-1600.4,2.6415915489196777
0.0,1.11,-0.01,-0.3,2.209097146987915,0.0,0.4,-19.4,-194.3,2.4651036262512207,0.0,0.0,-34.94,-374.9,2.681060791015625,0.0,1.27,-55.64,-557.1,2.528658628463745,0.0,10.03,-72.28,-722.5,2.666006326675415,0.0,7.65,-91.62,-916.8,2.654646873474121,0.0,2.81,-110.58,-1105.9,2.6957831382751465,0.0,11.11,-128.86,-1288.3,2.7177863121032715,0.0,10.39,-142.14,-1421.6,2.703285217285156,0.0,10.5,-155.83,-1558.0,2.8059892654418945,0.0,0.8,-166.22,-1665.2,2.8130576610565186,0.0,0.0,-145.74,-1605.4,2.793800115585327,0.0,1.69,-191.78,-1917.2,2.793900966644287,0.0,7.87,-196.34,-1963.5,2.658714532852173
0.0,8.25,0.0,-0.3,2.240457057952881,0.0,8.48,-19.44,-194.4,2.4964609146118164,0.0,11.7,-37.63,-377.0,2.7155022621154785,0.0,0.74,-55.16,-556.3,2.554529190063477,0.0,0.0,-63.38,-443.6,2.697295904159546,359.91,0.0,-62.9,-801.4,2.6702661514282227,0.0,0.03,-106.46,-1101.1,2.726944923400879,0.0,0.0,-90.04,-932.2,2.743149518966675,0.0,0.0,-117.61,-1076.8,2.724452257156372,0.0,0.0,-120.07,-1227.7,2.838384866714477,0.0,3.16,-166.74,-1667.7,2.828683614730835,0.0,7.44,-172.41,-1724.3,2.8249239921569824,0.0,0.45,-191.26,-1917.4,2.825161457061768,0.0,0.91,-196.33,-1830.5,2.699568510055542
0.0,3.22,-0.01,-0.4,2.256208896636963,0.0,0.0,-19.45,-114.5,2.527686834335327,10.55,0.0,-22.4,-233.1,2.7515017986297607,0.0,8.57,-55.68,-556.6,2.5801024436950684,359.91,5.5,-72.13,-721.7,2.7304482460021973,359.91,10.79,-91.87,-919.2,2.717882871627808,0.0,4.8,-110.75,-1107.5,2.7589221000671387,0.0,5.69,-128.75,-1287.1,2.774400472640991,0.0,6.83,-142.18,-1422.3,2.756309032440185,0.0,6.87,-155.72,-1557.2,2.8571770191192627,0.0,0.0,-139.33,-1657.6,2.859884738922119,359.91,0.0,-141.63,-1689.3,2.8567497730255127,0.0,2.82,-191.72,-1917.7,2.856400489807129,0.0,4.76,-196.26,-1963.1,2.7271223068237305
0.0,0.04,-0.01,-0.3,2.271841526031494,359.91,2.77,-19.47,-194.4,2.543344259262085,359.91,4.08,-37.73,-377.0,2.776254892349243,0.0,0.0,-55.65,-341.8,2.611894130706787,359.91,1.18,-72.12,-721.7,2.7590479850769043,359.91,0.0,-62.13,-633.8,2.733631134033203,0.0,0.0,-80.13,-996.9,2.7903051376342773,0.0,1.62,-128.58,-1285.8,2.805649995803833,0.0,0.96,-142.23,-1422.8,2.7773325443267822,0.0,0.84,-155.65,-1180.2,2.885049104690552,359.91,3.51,-166.64,-1668.5,2.8917696475982666,0.0,8.06,-172.02,-1721.2,2.888115406036377,359.91,0.26,-190.13,-1917.0,2.8876070976257324,0.0,1.57,-196.39,-1962.5,2.743945837020874
348.75,0.28,-0.01,0.0,2.303105115890503,10.28,2.3,-19.43,-194.5,2.574737071990967,0.0,3.04,-37.7,-377.4,2.80759596824646,359.91,2.58,-55.59,-556.3,2.627643585205078,359.91,2.65,-72.24,-722.2,2.7758126258850098,359.91,10.86,-91.85,-918.6,2.7648723125457764,0.0,7.31,-110.88,-1109.3,2.80591082572937,0.0,0.51,-128.05,-1283.4,2.837589979171753,0.0,1.2,-142.23,-1421.9,2.8179385662078857,0.0,4.68,-155.6,-1555.8,2.9218621253967285,0.0,0.0,-149.55,-1662.6,2.92315936088562,0.0,0.0,-138.06,-1402.1,2.9211318492889404,359.91,1.73,-191.67,-1916.2,2.919564723968506,0.0,0.54,-196.02,-1963.1,2.7789254188537598
0.0,2.76,-0.01,-0.1,2.334446668624878,0.0,0.0,-17.27,-192.5,2.606104850769043,0.0,0.0,-25.09,-373.5,2.8232226371765137,359.91,1.39,-55.57,-556.0,2.658879518508911,359.91,2.02,-72.34,-722.9,2.8071677684783936,0.0,1.02,-91.82,-917.9,2.796135425567627,0.0,1.14,-110.88,-746.1,2.846222162246704,0.0,2.9,-128.38,-1284.0,2.8532185554504395,0.0,2.29,-142.24,-1421.8,2.841715097427368,0.0,1.82,-155.42,-1553.3,2.953678607940674,0.0,5.98,-166.72,-1666.7,2.954333543777466,0.0,10.81,-172.26,-1723.0,2.946990489959717,359.91,4.38,-191.6,-1916.1,2.9509310722351074,0.0,2.6,-196.3,-1963.2,2.8067901134490967
0.0,10.86,-0.01,-0.1,2.353089094161988,0.0,12.71,-19.46,-194.4,2.637355089187622,350.6,10.44,-37.71,-376.9,2.859591722488404,0.0,0.09,-54.14,-555.0,2.6900219917297363,359.91,1.28,-72.17,-723.1,2.8390512466430664,0.0,0.46,-91.55,-918.9,2.828001976013184,348.75,4.79,-110.88,-1108.5,2.8690905570983887,0.0,0.0,-103.31,-1272.7,2.9001834392547607,0.0,0.37,-140.27,-1421.1,2.8731045722961426,0.0,1.22,-155.35,-1553.8,2.982775926589966,0.0,0.0,-132.15,-1434.3,2.9857735633850098,0.0,0.0,-136.64,-1410.5,2.974299907684326,359.91,0.62,-191.61,-1612.3,2.982158899307251,0.0,0.06,-187.02,-1948.4,2.8380510807037354
0.0,2.44,-0.03,-0.5,2.3819243907928467,0.0,0.81,-19.49,-120.7,2.662125587463379,0.0,0.0,-27.96,-238.1,2.886357545852661,0.0,10.44,-55.46,-554.6,2.721973657608032,0.0,7.64,-72.29,-723.3,2.8703067302703857,0.0,7.3,-91.97,-920.3,2.8437461853027344,359.91,0.0,-102.56,-771.8,2.900333404541016,0.0,6.82,-128.49,-1284.9,2.9184346199035645,0.0,3.32,-142.12,-1421.1,2.9042835235595703,0.0,2.83,-155.43,-1554.8,3.014790773391724,359.91,4.72,-166.57,-1665.4,3.0192127227783203,359.91,9.31,-172.29,-1722.9,3.012659788131714,0.0,3.79,-191.55,-1915.6,3.013837575912476,0.0,3.87,-196.19,-1962.1,2.869312047958374
0.0,0.0,-0.02,-0.4,2.3975038528442383,359.91,1.85,-19.44,-194.7,2.684511184692383,0.0,3.02,-37.72,-377.4,2.9176135063171387,10.11,0.0,-31.96,-346.2,2.737599849700928,0.0,0.0,-72.01,-449.3,2.901658058166504,0.0,0.0,-91.78,-607.2,2.886265277862549,0.0,2.75,-110.94,-1109.2,2.9314661026000977,359.91,0.0,-112.33,-1279.6,2.947709798812866,0.0,0.0,-125.73,-1392.6,2.935508966445923,0.0,0.06,-150.56,-1548.1,3.0305309295654297,359.91,0.0,-153.74,-1665.0,3.051076650619507,0.0,0.0,-136.72,-1435.7,3.041412115097046,0.0,1.08,-191.49,-1915.2,3.045164108276367,359.91,0.02,-178.72,-1958.5,2.901306629180908
0.0,0.45,-0.08,-0.3,2.42883825302124,359.91,1.71,-19.52,-194.8,2.7157230377197266,0.0,5.75,-37.72,-377.1,2.933235645294189,0.0,2.41,-55.33,-553.3,2.768836736679077,0.0,3.62,-72.3,-722.8,2.9172885417938232,0.0,4.34,-91.59,-916.2,2.908273458480835,0.0,1.5,-110.93,-1109.5,2.9659900665283203,10.11,3.98,-128.48,-1285.2,2.9789559841156006,0.0,5.86,-141.98,-1419.7,2.9512646198272705,0.0,4.42,-155.5,-1553.4,3.061772108078003,359.91,2.74,-166.64,-1666.5,3.0840392112731934,359.91,7.91,-172.09,-1721.4,3.0592877864837646,0.0,3.78,-191.56,-1915.0,3.060829162597656,359.91,2.44,-196.18,-1961.5,2.93255615234375
359.91,11.32,-0.02,0.1,2.453110456466675,359.91,1.01,-19.44,-194.7,2.749627590179444,359.91,0.0,-28.76,-376.1,2.964584350585937,0.0,3.47,-55.27,-552.8,2.800048828125,0.0,5.53,-72.29,-722.8,2.9487876892089844,0.0,5.29,-91.49,-914.3,2.935596704483032,0.0,3.46,-110.93,-1111.0,2.9971258640289307,359.91,0.41,-127.35,-1284.0,3.018864631652832,0.0,0.0,-108.58,-1191.2,2.9825000762939453,0.0,0.0,-122.36,-1462.1,3.0930185317993164,359.91,1.75,-166.66,-1665.9,3.0997567176818848,359.91,0.0,-150.04,-1666.7,3.106271266937256,359.91,1.31,-191.38,-1914.2,3.091960430145264,359.91,3.07,-195.95,-1961.8,2.963810920715332
359.91,2.01,-0.03,-0.5,2.4759860038757324,359.91,2.88,-19.45,-194.5,2.7814977169036865,359.91,8.48,-37.74,-377.5,2.9992501735687256,0.0,0.0,-35.08,-384.4,2.831944465637207,0.0,0.0,-44.97,-465.5,2.980039119720459,359.91,0.0,-68.09,-825.2,2.966886043548584,0.0,2.57,-111.18,-1111.7,3.016580581665039,359.91,1.51,-128.44,-1284.9,3.0417230129241943,0.0,8.63,-141.95,-1419.2,3.013753652572632,0.0,9.12,-155.41,-1554.3,3.1248438358306885,359.91,0.9,-166.58,-1665.4,3.1309914588928223,359.91,3.14,-172.03,-1721.0,3.121910095214844,359.91,3.89,-191.45,-1914.6,3.1239047050476074,0.0,2.01,-196.15,-1960.8,2.979938507080078
359.91,0.0,-0.04,-0.2,2.507235050201416,359.91,0.45,-19.21,-194.8,2.8090968132019043,359.91,0.0,-23.18,-330.8,3.0263376235961914,10.9,10.33,-55.21,-552.0,2.84757137298584,0.0,3.58,-72.48,-724.9,2.9972527027130127,0.0,8.28,-91.33,-912.7,2.982495069503784,0.0,0.15,-109.49,-1106.3,3.04858136177063,0.0,0.55,-127.99,-1283.8,3.0729281902313232,359.91,0.0,-108.12,-1300.2,3.0456199645996094,0.0,0.0,-117.8,-1257.0,3.1585893630981445,359.91,11.01,-166.59,-1665.6,3.17870569229126,359.91,0.3,-171.09,-1721.1,3.153782844543457,359.91,0.0,-191.21,-1552.4,3.156783103942871,0.0,0.32,-194.64,-1959.7,3.026625394821167
359.91,3.58,-0.06,-0.3,2.522865533828736,0.0,10.07,-19.43,-194.4,2.826998233795166,0.0,2.66,-37.77,-377.3,3.057690620422364,0.0,1.35,-55.17,-551.6,2.8787338733673096,0.0,3.68,-72.49,-725.2,3.031076192855835,359.91,0.59,-91.19,-596.6,3.0233280658721924,0.0,4.28,-111.26,-1112.5,3.0799648761749268,359.91,2.08,-128.43,-1283.2,3.112579822540283,359.91,5.44,-141.82,-1418.3,3.0769972801208496,359.91,7.9,-155.44,-1554.1,3.1917412281036377,359.91,0.0,-129.8,-1431.4,3.2031090259552,359.91,1.79,-172.16,-1721.8,3.200782060623169,359.91,7.98,-191.48,-1914.6,3.1881558895111084,0.0,4.13,-196.1,-1961.5,3.043215036392212
359.91,4.04,0.0,-0.3,2.5546255111694336,0.0,0.0,-11.53,-114.2,2.8624684810638428,359.91,1.61,-37.71,-248.0,3.0734684467315674,0.0,0.32,-54.4,-551.6,2.910170555114746,0.0,0.0,-46.32,-513.3,3.057436466217041,0.0,2.35,-91.06,-910.7,3.0455739498138428,359.91,0.0,-105.87,-1112.4,3.1111273765563965,359.91,5.22,-128.27,-1282.5,3.142047643661499,0.0,0.0,-111.9,-1384.0,3.108238458633423,359.91,0.0,-131.63,-1501.0,3.215903043746948,359.91,6.6,-166.5,-1665.2,3.23468017578125,359.91,4.41,-172.1,-1721.8,3.2164077758789062,359.91,0.0,-157.7,-1689.0,3.230560779571533,0.0,0.0,-165.07,-1928.8,3.080204725265503
0.0,1.85,0.0,-0.2,2.585963487625122,0.0,1.1,-19.45,-194.7,2.890359401702881,359.91,1.0,-37.73,-377.2,3.104722499847412,359.91,4.96,-55.15,-552.1,2.9329683780670166,0.0,2.83,-72.45,-724.2,3.088688373565674,0.0,6.26,-91.11,-910.8,3.0768399238586426,0.0,5.02,-111.35,-1113.8,3.1423356533050537,359.91,0.87,-128.26,-924.2,3.1610753536224365,0.0,8.17,-141.98,-1419.9,3.140724897384644,359.91,3.21,-155.38,-1553.3,3.247283697128296,0.0,0.0,-133.55,-1401.7,3.2686314582824707,359.91,0.0,-172.23,-1376.8,3.248126745223999,359.91,5.16,-191.48,-1914.6,3.26157808303833,0.0,6.49,-196.05,-1960.1,3.1065878868103027
0.0,0.0,-0.03,-0.5,2.6103053092956543,0.0,5.54,-19.49,-194.5,2.915513038635254,359.91,2.53,-37.74,-377.6,3.1367526054382324,20.65,0.0,-36.23,-434.1,2.9726603031158447,0.0,2.66,-72.37,-724.1,3.119901657104492,0.0,0.0,-60.19,-639.5,3.0933454036712646,359.91,0.18,-110.13,-1114.6,3.176513910293579,359.91,6.82,-128.3,-1282.9,3.2034924030303955,0.0,0.0,-106.35,-1075.3,3.1715164184570312,359.91,0.25,-153.55,-1553.6,3.2785093784332275,359.91,5.33,-166.49,-1663.7,3.301730394363404,0.0,2.84,-172.23,-1722.6,3.279382705688477,359.91,0.1,-184.08,-1913.4,3.2928884029388428,0.0,0.0,-159.72,-1701.3,3.1377224922180176
0.0,0.0,-0.03,-0.3,2.633293867111206,0.0,0.0,-11.36,-126.6,2.937898874282837,359.91,0.45,-37.64,-377.1,3.168114185333252,10.11,11.13,-55.21,-551.8,2.996927499771118,0.0,0.0,-52.54,-646.2,3.1361215114593506,0.0,1.34,-91.34,-914.2,3.1241157054901123,359.91,2.02,-111.55,-1115.6,3.1982498168945312,359.91,0.0,-92.81,-950.4,3.227407693862915,0.0,11.22,-142.17,-1421.5,3.202666759490967,359.91,2.01,-155.34,-1553.0,3.312379837036133,0.0,0.0,-136.3,-1482.0,3.329753875732422,0.0,1.58,-172.03,-1721.7,3.310732364654541,359.91,2.28,-191.54,-1914.7,3.3247101306915283,359.91,5.38,-195.99,-1959.5,3.1742899417877197
0.0,3.33,-0.01,-0.6,2.6535563468933105,0.0,2.28,-19.42,-194.8,2.969271659851074,359.91,4.55,-37.7,-377.7,3.199488878250122,0.0,1.17,-55.22,-552.4,3.02901029586792,0.0,6.2,-72.33,-723.6,3.1674909591674805,0.0,4.34,-91.35,-913.3,3.1574203968048096,359.91,2.76,-111.72,-1117.5,3.229503870010376,359.91,10.72,-128.24,-1282.4,3.258662462234497,0.0,0.0,-105.39,-1089.3,3.2312819957733154,359.91,6.43,-155.15,-1552.1,3.3417465686798096,0.0,10.1,-166.51,-1665.6,3.3575451374053955,0.0,2.78,-172.5,-1725.3,3.348572969436645,359.91,4.2,-191.47,-1914.6,3.340442657470703,359.91,0.04,-181.43,-1941.1,3.2033679485321045
359.91,6.67,-0.01,-0.4,2.680315494537353,359.91,1.68,-19.45,-194.2,3.000652313232422,359.91,0.0,-32.85,-372.1,3.235020875930786,359.91,3.71,-55.17,-551.6,3.054959535598755,0.0,1.78,-72.48,-724.1,3.183100700378418,0.0,0.0,-63.29,-655.1,3.185256004333496,359.91,0.58,-111.71,-784.2,3.2612743377685547,359.91,0.0,-93.04,-1052.8,3.28991174697876,0.0,10.62,-142.11,-1421.3,3.2577407360076904,9.4,1.59,-155.1,-1551.1,3.3729937076568604,359.91,0.0,-141.06,-1663.1,3.3893303871154785,0.0,2.57,-172.55,-1725.8,3.373798370361328,0.0,1.83,-191.56,-1914.3,3.371704578399658,0.0,4.32,-195.92,-1959.0,3.2260568141937256
359.91,0.0,-0.05,-0.3,2.696044921875,0.0,0.11,-19.05,-193.8,3.0162806510925293,359.91,7.01,-37.76,-377.5,3.260549545288086,0.0,4.66,-55.17,-551.4,3.086825132369995,0.0,0.0,-62.43,-709.6,3.226039409637451,9.93,4.23,-91.36,-913.7,3.2088987827301025,0.0,2.99,-111.84,-1118.8,3.2935073375701904,359.91,8.33,-128.29,-1282.7,3.321903705596924,0.0,0.91,-142.04,-1054.0,3.2919788360595703,0.0,1.11,-155.06,-1550.5,3.4042227268218994,10.11,4.79,-166.65,-1666.0,3.420595407485962,0.0,0.21,-170.73,-1724.2,3.4051520824432373,0.0,0.38,-190.94,-1912.4,3.411036491394043,359.91,0.0,-173.37,-1951.5,3.257396936416626
359.91,2.93,-0.06,-0.3,2.7273006439208984,359.91,5.56,-19.44,-194.8,3.047624111175537,0.0,0.0,-23.21,-218.1,3.291055679321289,0.0,0.0,-35.02,-374.3,3.105776786804199,0.0,11.48,-72.26,-722.8,3.254136562347412,0.0,2.58,-91.35,-914.2,3.2357308864593506,0.0,2.74,-111.87,-1117.9,3.3241517543792725,359.91,0.0,-101.32,-1260.6,3.353267908096313,349.89,10.69,-141.92,-1419.7,3.321278810501098,10.11,2.58,-154.96,-1548.7,3.4368553161621094,359.91,0.26,-164.9,-1665.1,3.4519004821777344,359.91,1.99,-172.68,-1726.5,3.43643569946289,0.0,2.98,-191.43,-1914.1,3.4348928928375244,0.0,4.95,-195.83,-1958.7,3.288666248321533
359.91,8.16,-0.01,-0.2,2.759024143218994,359.91,0.0,-11.65,-177.6,3.079589605331421,359.91,4.16,-37.75,-377.6,3.306680917739868,0.0,4.43,-55.19,-551.9,3.1291518211364746,0.0,1.1,-72.17,-585.3,3.2757456302642822,359.91,0.1,-89.54,-914.1,3.270483493804932,359.91,3.3,-111.82,-1118.2,3.356126546859741,0.0,7.25,-128.33,-1283.3,3.384407758712769,359.91,0.0,-114.98,-1320.0,3.342604637145996,359.91,1.43,-155.13,-1551.6,3.464834451675415,359.91,1.89,-166.72,-1666.4,3.4794726371765137,359.91,3.11,-172.7,-1726.5,3.472050666809082,359.91,0.19,-188.82,-1914.5,3.466103792190552,359.91,0.1,-186.63,-1946.2,3.320054769515991
0.0,2.5,-0.01,-0.1,2.774657726287842,359.91,11.78,-19.47,-194.7,3.1107962131500244,0.0,2.31,-37.76,-377.3,3.3379392623901367,0.0,2.88,-55.18,-552.2,3.1603918075561523,0.0,1.98,-72.05,-721.7,3.307105302810669,0.0,9.32,-91.45,-914.8,3.283034086227417,359.91,1.14,-111.69,-758.9,3.371798753738404,0.0,0.0,-93.61,-966.7,3.4000279903411865,0.0,7.36,-142.01,-1420.2,3.373948097229004,359.91,0.84,-155.29,-1552.0,3.497354030609131,0.0,0.14,-162.15,-1666.1,3.514763355255127,0.0,2.28,-172.6,-1725.3,3.491626739501953,359.91,1.8,-191.46,-1914.6,3.4973220825195312,359.91,2.16,-195.76,-1957.2,3.351280927658081
0.0,0.0,-0.03,-0.1,2.8060224056243896,359.91,0.0,-11.56,-160.3,3.141963005065918,0.0,0.0,-29.69,-365.0,3.3697752952575684,0.0,0.0,-37.37,-457.0,3.1915271282196045,0.0,7.16,-72.35,-723.7,3.3323631286621094,0.0,0.84,-91.56,-787.9,3.314504384994507,0.0,3.26,-111.12,-1115.8,3.403007984161377,0.0,3.89,-128.31,-1282.8,3.43149471282959,0.0,0.0,-107.53,-1123.7,3.405219316482544,0.0,5.29,-155.26,-1552.3,3.512972354888916,0.0,4.19,-166.57,-1666.4,3.5319178104400635,0.0,0.37,-171.81,-1726.2,3.52877163887024,349.89,4.06,-191.35,-1913.6,3.5292065143585205,359.91,4.36,-195.75,-1957.7,3.3831143379211426
0.0,0.0,0.0,0.0,2.8216629028320312,359.91,11.71,-19.43,-194.4,3.1738440990448,0.0,12.12,-37.73,-377.2,3.4011576175689697,0.0,7.49,-55.25,-552.2,3.207785129547119,0.0,0.0,-61.96,-462.2,3.3608882427215576,0.0,1.18,-91.57,-916.3,3.345869302749634,0.0,2.66,-111.55,-1115.9,3.434372901916504,0.0,1.18,-128.33,-1282.9,3.4628584384918213,0.0,10.18,-142.05,-1420.6,3.4369113445281982,0.0,1.72,-155.26,-1552.0,3.544328689575196,0.0,0.0,-140.96,-1659.3,3.569266557693481,359.91,1.67,-172.72,-1726.8,3.55735731124878,359.91,0.68,-191.34,-1751.4,3.560490131378174,359.91,1.11,-195.71,-1957.2,3.414368152618408
0.0,0.5,-0.04,-0.4,2.853881597518921,0.0,1.18,-19.47,-111.7,3.189604997634888,0.0,1.18,-37.75,-356.4,3.416777372360229,0.0,2.38,-55.21,-552.6,3.239116907119751,0.0,3.23,-72.65,-726.6,3.386483669281006,0.0,7.07,-91.47,-914.2,3.3778696060180664,0.0,0.1,-108.25,-1110.8,3.475909948348999,0.0,3.2,-128.17,-1282.5,3.494429349899292,348.75,0.0,-107.82,-1357.2,3.468292713165283,0.0,1.17,-155.26,-1552.8,3.5755856037139893,0.0,6.82,-166.22,-1663.3,3.600613594055176,359.91,5.5,-172.62,-1726.0,3.590519905090332,359.91,9.47,-191.27,-1913.1,3.591621160507202,359.91,7.96,-195.74,-1957.4,3.4457225799560547
359.91,11.24,0.03,-0.3,2.880414724349976,0.0,2.06,-19.38,-194.5,3.220844268798828,0.0,1.5,-37.72,-377.7,3.447943925857544,0.0,0.0,-45.52,-536.2,3.270413398742676,0.0,5.13,-72.66,-727.2,3.4021120071411133,0.0,0.0,-76.39,-598.6,3.4052443504333496,0.0,4.47,-111.33,-1112.9,3.500113010406494,0.0,2.25,-128.33,-1283.1,3.526109218597412,359.91,4.8,-141.98,-1419.7,3.4994988441467285,0.0,2.73,-155.26,-1553.1,3.6129443645477295,359.91,0.0,-152.45,-1645.2,3.6163649559021,359.91,0.8,-172.42,-1394.9,3.621765613555908,359.91,0.0,-154.09,-1593.2,3.623514890670776,359.91,0.0,-174.06,-1580.4,3.481097459793091
359.91,1.68,-0.01,-0.3,2.904475212097168,10.11,6.2,-19.47,-194.8,3.2597575187683105,0.0,8.34,-37.78,-377.8,3.479893207550049,0.0,12.29,-55.21,-551.6,3.3016514778137207,0.0,0.0,-45.64,-475.4,3.432869911193848,0.0,1.0,-91.08,-910.4,3.421263694763184,0.0,0.0,-85.62,-1043.0,3.531418561935425,0.0,0.0,-118.98,-1280.2,3.557437896728516,359.91,0.23,-139.53,-1419.5,3.530659914016724,359.91,1.15,-154.45,-1552.2,3.638827085494995,359.91,2.77,-166.16,-1662.0,3.647768020629883,0.0,3.4,-172.42,-1723.8,3.649526834487915,359.91,6.44,-191.23,-1912.7,3.654768228530884,359.91,6.76,-195.71,-1956.9,3.5093276500701904
0.0,0.0,-0.03,-0.5,2.916581630706787,0.0,0.0,-11.08,-145.3,3.289069414138794,0.0,0.0,-34.79,-217.5,3.4955320358276367,0.0,1.14,-55.21,-523.8,3.317885398864746,0.0,3.76,-72.71,-727.5,3.4641263484954834,0.0,4.43,-91.0,-909.7,3.4526243209838867,0.0,9.27,-111.04,-1110.0,3.548725843429565,359.91,2.54,-128.3,-1282.6,3.5913197994232178,10.55,2.78,-141.94,-1419.7,3.5625391006469727,359.91,1.52,-155.07,-1551.8,3.671931266784668,359.91,1.14,-165.9,-1660.9,3.695128917694092,0.0,1.53,-172.27,-1723.5,3.668767213821411,359.91,0.0,-166.73,-1865.1,3.6861188411712646,359.91,0.0,-161.87,-1861.7,3.542438507080078
0.0,2.97,-0.03,-0.1,2.9540836811065674,0.0,2.42,-19.44,-194.7,3.309105634689331,0.0,1.3,-37.74,-377.7,3.5286364555358887,0.0,0.54,-54.87,-551.4,3.3491461277008057,0.0,3.18,-72.79,-728.2,3.4954874515533447,349.89,0.0,-72.8,-870.8,3.4838767051696777,359.91,0.0,-80.29,-972.8,3.579079389572144,359.91,4.12,-128.27,-1282.5,3.620462417602539,0.0,0.06,-137.08,-1415.0,3.593782663345337,0.0,1.18,-155.11,-1552.0,3.699169158935547,0.0,3.02,-166.16,-1661.7,3.7203638553619385,0.0,2.9,-172.26,-1723.6,3.700117588043213,359.91,2.82,-191.29,-1913.1,3.7218525409698486,0.0,7.49,-195.66,-1956.9,3.5595579147338867
0.0,9.32,-0.04,0.0,2.96370005607605,359.91,1.76,-19.5,-194.9,3.340369462966919,0.0,5.86,-37.79,-378.0,3.561135053634644,0.0,7.58,-55.19,-552.3,3.3805043697357178,0.0,0.0,-47.99,-538.6,3.5111095905303955,0.0,11.22,-91.13,-910.8,3.5152599811553955,359.91,10.31,-111.12,-1110.6,3.610352277755737,0.0,2.18,-128.2,-1281.8,3.645156145095825,0.0,4.42,-141.97,-1419.5,3.6249239444732666,0.0,2.51,-155.19,-1551.8,3.730159521102905,359.91,1.96,-166.21,-1661.2,3.7517144680023193,0.0,2.47,-172.36,-1723.7,3.731370449066162,0.0,0.05,-178.29,-1901.5,3.751424789428711,359.91,0.0,-165.84,-1932.1,3.592571258544922
10.11,6.12,-0.05,0.2,2.9950761795043945,0.0,0.0,-18.14,-194.2,3.362945318222046,0.0,0.0,-22.5,-229.4,3.590507984161377,0.0,0.0,-54.25,-337.5,3.4062442779541016,0.0,3.7,-72.77,-727.9,3.554248332977295,0.0,1.05,-91.11,-911.2,3.5310120582580566,0.0,0.0,-77.38,-886.4,3.641601324081421,0.0,0.35,-126.77,-1279.9,3.6764235496521,0.0,0.0,-107.46,-1338.6,3.6409432888031006,0.0,0.17,-152.73,-1550.6,3.761409521102905,359.91,1.1,-166.13,-1662.0,3.783123731613159,0.0,0.03,-160.49,-1722.3,3.763044834136963,359.91,2.43,-191.2,-1913.2,3.7841196060180655,359.91,3.18,-195.55,-1956.9,3.623459815979004
0.0,2.55,0.02,-0.4,3.010702610015869,,,,,,0.0,3.38,-37.76,-377.5,3.606130838394165,0.0,0.76,-55.13,-551.7,3.4336304664611816,0.0,2.68,-72.9,-728.3,3.574040174484253,0.0,0.4,-90.37,-910.9,3.5622503757476807,0.0,3.34,-111.2,-1112.4,3.676835775375366,359.91,1.61,-128.24,-1282.1,3.707568407058716,0.0,9.19,-141.89,-1418.8,3.6723172664642334,0.0,3.81,-155.18,-1551.7,3.792655467987061,0.0,1.81,-166.24,-1661.8,3.798871994018554,0.0,5.4,-172.59,-1725.2,3.794419288635254,359.91,0.45,-190.35,-1911.4,3.816612482070923,0.0,0.0,-171.26,-1902.7,3.6597373485565186
0.0,0.22,-0.01,-0.3,3.041931390762329,,,,,,0.0,3.71,-37.74,-377.4,3.6373345851898193,348.75,2.94,-55.18,-551.7,3.468231201171875,0.0,0.0,-54.26,-676.1,3.605402946472168,0.0,7.63,-91.25,-913.1,3.593493938446045,0.0,1.42,-111.26,-1112.4,3.709466457366944,0.0,0.54,-127.92,-1281.1,3.740092039108277,0.0,0.0,-104.34,-1129.6,3.7035512924194336,0.0,0.0,-122.22,-1502.3,3.8134303092956543,359.91,1.42,-166.11,-1661.5,3.846068859100342,0.0,0.0,-143.03,-1685.9,3.810027837753296,0.0,2.79,-191.16,-1911.6,3.841765403747559,0.0,5.24,-195.59,-1956.2,3.6949949264526367
0.0,0.0,-0.05,-0.3,3.058253288269043,,,,,,0.0,0.0,-23.03,-266.5,3.669062852859497,359.91,0.31,-54.36,-551.4,3.4817347526550293,0.0,7.46,-72.95,-729.3,3.621032476425171,0.0,0.0,-91.37,-595.4,3.6102797985076895,,,,,,0.0,4.04,-128.41,-1283.6,3.7602272033691406,,,,,,0.0,8.41,-155.13,-1551.1,3.839841365814209,359.91,8.82,-166.16,-1661.8,3.861702919006348,0.0,7.95,-172.4,-1724.4,3.8499441146850586,0.0,0.06,-180.15,-1910.5,3.873044490814209,,,,,
,,,,,,,,,,359.91,11.54,-37.76,-377.8,3.700416326522827,,,,,,0.0,1.97,-72.94,-728.6,3.6525137424468994,0.0,3.86,-91.1,-914.4,3.640423059463501,,,,,,,,,,,,,,,,0.0,0.0,-119.03,-1276.5,3.8710780143737793,0.0,0.94,-166.1,-1662.0,3.8936526775360094,0.0,0.0,-137.54,-1404.7,3.872687101364136,0.0,4.47,-191.22,-1911.4,3.888647079467773,,,,,
,,,,,,,,,,359.91,0.0,-23.43,-253.7,3.730337619781494,,,,,,359.91,2.54,-72.84,-729.5,3.683720350265503,0.0,5.51,-91.51,-914.8,3.6717841625213614,,,,,,,,,,,,,,,,0.0,11.24,-155.12,-1550.4,3.902318000793457,359.91,10.47,-166.17,-1661.7,3.924993991851807,349.89,6.62,-172.47,-1724.5,3.903958559036255,0.0,0.0,-157.28,-1684.7,3.920387983322144,,,,,
