Angle,V_bus,V_shunt,current,time,Angle.1,V_bus.1,V_shunt.1,current.1,time.1,Angle.2,V_bus.2,V_shunt.2,current.2,time.2,Angle.3,V_bus.3,V_shunt.3,current.3,time.3,Angle.4,V_bus.4,V_shunt.4,current.4,time.4,Angle.5,V_bus.5,V_shunt.5,current.5,time.5,Angle.6,V_bus.6,V_shunt.6,current.6,time.6,Angle.7,V_bus.7,V_shunt.7,current.7,time.7,Angle.8,V_bus.8,V_shunt.8,current.8,time.8,Angle.9,V_bus.9,V_shunt.9,current.9,time.9,Angle.10,V_bus.10,V_shunt.10,current.10,time.10,Angle.11,V_bus.11,V_shunt.11,current.11,time.11,Angle,V_bus,V_shunt,current,time
0.0,7.82,0.03,0.3,0.0,0.0,2.06,23.08,107.7,0.0,0.0,3.11,40.0,400.0,0.0,359.91,9.93,40.0,400.0,0.9389770030975342,359.91,6.09,40.0,400.0,0.9530971050262452,0.0,0.0,40.0,400.0,0.0009992122650146,0.0,0.0,40.0,400.0,0.0,359.91,2.72,40.0,400.0,0.0,0.0,4.8,148.38,400.0,0.9460079669952391,359.91,0.92,161.29,400.0,0.9391016960144044,359.91,0.0,40.0,400.0,0.9427123069763184,0.0,3.54,40.0,400.0,0.937429428100586,359.91,1.4,40.0,400.0,0.015503644943237305
0.0,5.37,0.02,0.2,0.0,0.0,0.0,13.57,224.9,0.0,0.0,9.54,40.0,400.0,0.0,359.91,3.45,40.0,400.0,0.9725055694580078,359.91,6.82,40.0,400.0,0.9787585735321044,0.0,4.16,40.0,400.0,0.0009992122650146,0.0,0.0,40.0,400.0,0.0,359.91,0.0,40.0,400.0,0.0,0.0,7.69,40.0,400.0,0.9625160694122314,359.91,9.44,40.0,400.0,0.9714255332946776,359.91,6.81,40.0,400.0,0.9749794006347656,0.0,0.0,40.0,400.0,0.9584269523620604,359.91,0.0,40.0,400.0,0.015503644943237305
0.0,2.66,0.01,0.2,0.0156302452087402,0.0,2.76,23.99,240.1,0.0,0.0,2.92,40.0,400.0,0.0,359.91,0.0,29.27,315.7,1.0058023929595947,359.91,1.91,40.0,400.0,0.9953343868255616,0.0,6.31,40.0,400.0,0.0009992122650146,0.0,3.43,40.0,400.0,0.0,359.91,11.2,40.0,400.0,0.0,0.0,2.3,40.0,400.0,0.9949517250061036,359.91,3.38,40.0,400.0,0.9889161586761476,359.91,7.23,40.0,400.0,1.007368087768555,0.0,0.0,40.0,400.0,0.9874632358551024,359.91,8.59,40.0,400.0,0.015503644943237305
0.0,1.86,0.02,0.0,0.0156302452087402,0.0,8.58,24.03,239.9,0.0,0.0,0.0,29.82,400.0,0.0,359.91,9.57,40.0,400.0,1.0225253105163574,359.91,9.88,40.0,400.0,1.0288934707641602,0.0,5.74,40.0,400.0,0.0019993782043457,0.0,9.01,40.0,400.0,0.0,391.0,0.0,40.0,400.0,0.0,0.0,0.0,40.0,400.0,1.012237787246704,359.91,9.12,40.0,400.0,1.0235726833343506,359.91,0.0,40.0,400.0,1.0315325260162354,0.0,3.81,40.0,400.0,1.0039184093475342,359.91,9.21,40.0,400.0,0.016419410705566406
0.0,0.0,0.01,0.1,0.0156302452087402,0.0,0.0,19.78,113.4,0.9612066745758056,0.0,3.11,40.0,400.0,0.0,359.91,1.63,40.0,297.5,1.0561621189117432,359.91,2.95,40.0,400.0,1.0618834495544434,0.0,1.27,40.0,400.0,0.0019993782043457,0.0,2.71,40.0,400.0,0.0,359.91,9.6,40.0,400.0,0.0,0.0,0.39,40.0,400.0,1.0442028045654297,359.91,3.73,40.0,400.0,1.0384340286254885,359.91,7.63,40.0,400.0,1.0586316585540771,0.0,6.98,40.0,400.0,1.0371601581573486,359.91,1.4,40.0,400.0,0.016419410705566406
359.91,7.86,0.03,0.2,0.9712371826171876,0.0,0.0,19.96,237.3,0.9946732521057128,0.0,9.54,40.0,400.0,0.0,359.91,0.24,40.0,400.0,1.087609052658081,359.91,0.0,40.0,400.0,1.0791809558868408,0.0,0.0,40.0,400.0,0.0019993782043457,0.0,0.0,40.0,400.0,0.0,359.91,2.72,40.0,400.0,0.0,0.0,10.64,40.0,400.0,1.0620863437652588,359.91,0.0,40.0,400.0,1.0722076892852783,359.91,0.19,40.0,400.0,1.078439474105835,0.0,1.81,40.0,400.0,1.054070234298706,359.91,0.0,40.0,400.0,0.016419410705566406
359.91,2.4,0.02,0.2,0.9965016841888428,0.0,3.42,23.74,237.1,1.0115587711334229,0.0,2.92,40.0,400.0,0.0,359.91,7.84,40.0,400.0,1.1056914329528809,359.91,10.61,40.0,400.0,1.112372875213623,0.0,4.16,40.0,400.0,0.0019993782043457,0.0,6.98,40.0,400.0,0.9635891914367676,359.91,0.0,40.0,400.0,0.0,0.0,1.84,40.0,400.0,1.0968096256256104,359.91,9.44,40.0,400.0,1.10564923286438,359.91,2.07,40.0,400.0,1.108391046524048,0.0,0.0,40.0,400.0,1.0872995853424072,359.91,8.59,40.0,400.0,0.017418861389160156
359.91,0.0,0.01,0.1,1.0211937427520752,0.0,8.34,23.59,235.5,1.0445406436920166,0.0,4.85,40.0,400.0,0.9546504020690918,359.91,0.0,29.08,315.3,1.1392171382904053,359.91,0.6,40.0,400.0,1.143784999847412,0.0,6.31,40.0,400.0,0.0019993782043457,0.0,2.1,40.0,400.0,1.0001132488250732,359.91,11.2,40.0,400.0,0.0,0.0,0.0,40.0,400.0,1.112016677856445,359.91,3.25,40.0,400.0,1.1220686435699463,359.91,7.08,40.0,400.0,1.1414453983306885,0.0,3.88,40.0,400.0,1.119704008102417,359.91,4.73,40.0,400.0,0.9699561595916748
359.91,0.0,0.02,0.1,1.037595272064209,0.0,2.71,23.45,203.8,1.0612170696258545,0.0,0.0,40.0,247.3,0.988753080368042,359.91,2.05,40.0,400.0,1.1557748317718506,359.91,0.85,40.0,400.0,1.1719160079956057,0.0,0.08,40.0,400.0,0.9557578563690186,0.0,0.0,40.0,400.0,1.0134940147399902,3359.91,7.5,40.0,400.0,0.9417150020599364,0.0,1.04,40.0,400.0,1.1455001831054688,359.91,0.0,40.0,400.0,1.1591167449951172,359.91,0.0,40.0,400.0,1.1580886840820312,0.0,7.3,40.0,400.0,1.137251377105713,359.91,0.0,40.0,400.0,1.010789155960083
359.91,3.53,0.02,0.2,1.0706961154937744,0.0,0.0,12.99,202.1,1.094613552093506,0.0,0.0,38.86,400.0,1.0049381256103516,359.91,6.82,40.0,400.0,1.1892096996307373,359.91,8.3,40.0,400.0,1.1952369213104248,0.0,5.06,40.0,400.0,0.9893844127655028,0.0,3.35,40.0,400.0,1.0467400550842283,359.91,2.17,40.0,400.0,0.974924087524414,0.0,9.55,40.0,400.0,1.162139892578125,359.91,10.59,40.0,400.0,1.1880743503570557,359.91,2.85,40.0,400.0,1.19161057472229,359.91,0.08,40.0,400.0,1.168873310089111,359.91,8.58,40.0,400.0,1.0303587913513184
359.91,11.26,0.03,0.2,1.08734393119812,0.0,2.32,23.52,235.3,1.110948085784912,0.0,2.82,40.0,400.0,1.0383718013763428,359.91,0.0,30.59,359.7,1.222318410873413,359.91,0.0,40.0,400.0,1.2125496864318848,0.0,6.9,40.0,400.0,1.0060052871704102,0.0,9.99,40.0,400.0,1.0636003017425537,359.91,0.0,40.0,400.0,0.99251389503479,0.0,2.1,40.0,400.0,1.1953456401824951,359.91,1.21,40.0,400.0,1.205479383468628,359.91,4.94,40.0,400.0,1.2232699394226074,359.91,2.19,40.0,400.0,1.187307357788086,359.91,0.48,40.0,400.0,1.0615026950836182
359.91,2.82,0.02,0.2,1.120246171951294,0.0,9.5,23.39,234.1,1.1440815925598145,0.0,6.89,40.0,400.0,1.0552411079406738,359.91,2.98,40.0,400.0,1.2402527332305908,359.91,3.56,40.0,400.0,1.2536406517028809,0.0,1.71,40.0,400.0,1.0380356311798096,0.0,3.4,40.0,400.0,1.096435546875,359.91,5.41,40.0,400.0,1.0252599716186523,0.0,0.0,40.0,400.0,1.2123661041259766,359.91,0.1,40.0,400.0,1.2383856773376465,359.91,0.0,40.0,400.0,1.241145133972168,359.91,6.67,40.0,400.0,1.220548391342163,359.91,0.53,40.0,400.0,1.0771269798278809
359.91,0.0,0.01,0.1,1.137443780899048,0.0,2.73,23.64,236.4,1.1606905460357666,0.0,1.86,40.0,400.0,1.0879182815551758,359.91,4.52,40.0,400.0,1.2725255489349363,359.91,5.96,40.0,400.0,1.2783117294311523,0.0,0.0,40.0,400.0,1.0561654567718506,0.0,0.0,40.0,400.0,1.113248348236084,359.91,0.0,40.0,400.0,1.0566446781158447,0.0,0.64,40.0,400.0,1.245784044265747,359.91,8.47,40.0,400.0,1.270216703414917,359.91,4.08,40.0,400.0,1.2751266956329346,359.91,0.0,40.0,400.0,1.2370703220367432,359.91,6.49,40.0,400.0,1.1084582805633545
359.91,0.0,0.02,0.2,1.153960943222046,0.0,0.0,15.11,192.9,1.1945998668670654,0.0,0.0,33.05,400.0,1.107952117919922,359.91,0.0,32.34,400.0,1.305133819580078,359.91,0.0,40.0,400.0,1.295802354812622,0.0,4.75,40.0,400.0,1.0879175662994385,0.0,2.26,40.0,400.0,1.1467819213867188,359.91,4.92,40.0,400.0,1.0745346546173096,0.0,8.32,40.0,400.0,1.262347936630249,359.91,0.0,40.0,400.0,1.2894673347473145,359.91,3.04,40.0,400.0,1.291902780532837,359.91,4.09,40.0,400.0,1.270543336868286,359.91,0.0,40.0,400.0,1.1397852897644043
359.91,4.84,0.02,0.3,1.1874494552612305,0.0,2.91,23.89,238.4,1.210986852645874,0.0,3.89,40.0,400.0,1.1381096839904783,359.91,7.9,40.0,400.0,1.3230938911437988,359.91,3.77,40.0,400.0,1.3292813301086426,0.0,7.44,40.0,400.0,1.1061346530914309,0.0,10.47,40.0,400.0,1.163395881652832,359.91,4.79,40.0,400.0,1.1079673767089844,0.0,2.36,40.0,400.0,1.295562505722046,359.91,1.06,40.0,400.0,1.3225409984588623,359.91,0.0,40.0,400.0,1.3298943042755127,359.91,4.52,40.0,400.0,1.303964614868164,359.91,3.2,40.0,400.0,1.1710524559020996
359.91,9.51,0.03,0.3,1.20404052734375,0.0,10.17,23.87,238.7,1.2440674304962158,0.0,7.28,40.0,400.0,1.155254364013672,359.91,3.08,40.0,400.0,1.3577256202697754,0.0,6.89,40.0,400.0,1.3605268001556396,0.0,1.88,40.0,400.0,1.1241657733917236,0.0,2.67,40.0,400.0,1.2009081840515137,359.91,0.0,40.0,400.0,1.1250629425048828,0.0,0.0,40.0,400.0,1.3128361701965332,359.91,6.28,40.0,400.0,1.3425509929656982,359.91,10.16,40.0,400.0,1.3591086864471436,359.91,0.0,40.0,400.0,1.3247101306915283,359.91,4.34,40.0,400.0,1.195204257965088
359.91,3.7,0.02,0.2,1.2373015880584717,0.0,2.19,23.88,141.8,1.2603192329406738,0.0,1.93,40.0,246.1,1.188495397567749,359.91,0.0,40.0,400.0,1.3867952823638916,0.0,2.01,40.0,400.0,1.38547945022583,0.0,0.0,40.0,400.0,1.155529260635376,0.0,0.0,40.0,400.0,1.2133638858795166,359.91,7.59,40.0,400.0,1.1583502292633057,0.0,0.59,40.0,400.0,1.346299409866333,359.91,0.0,40.0,400.0,1.3770833015441897,359.91,2.06,40.0,400.0,1.378739833831787,359.91,3.83,40.0,400.0,1.3575763702392578,359.91,0.0,40.0,400.0,1.2185721397399902
359.91,0.0,0.0,0.1,1.2631888389587402,0.0,0.0,17.27,226.6,1.294957160949707,0.0,0.0,31.04,400.0,1.2049455642700195,359.91,10.61,40.0,400.0,1.403681755065918,0.0,0.0,40.0,400.0,1.4092435836791992,0.0,4.22,40.0,400.0,1.188941478729248,0.0,3.55,40.0,400.0,1.2479023933410645,359.91,3.02,40.0,400.0,1.1908602714538574,0.0,8.71,40.0,400.0,1.367084503173828,359.91,1.59,40.0,400.0,1.4045233726501465,359.91,0.0,40.0,400.0,1.4050374031066897,359.91,2.76,40.0,400.0,1.3851070404052734,359.91,7.64,40.0,400.0,1.252105474472046
359.91,0.0,0.02,0.2,1.2873663902282717,0.0,3.16,23.85,238.3,1.3117311000823977,0.0,3.97,40.0,400.0,1.238196611404419,359.91,1.93,40.0,289.3,1.4385936260223389,0.0,5.56,40.0,400.0,1.4289798736572266,0.0,8.0,40.0,400.0,1.2060420513153076,0.0,9.25,40.0,400.0,1.263857126235962,359.91,0.0,40.0,400.0,1.2075319290161133,0.0,2.66,40.0,400.0,1.3968651294708252,359.91,4.23,40.0,400.0,1.420260667800903,359.91,8.3,40.0,400.0,1.4363372325897217,359.91,0.0,40.0,400.0,1.4020841121673584,359.91,3.7,40.0,400.0,1.2658283710479736
359.91,3.44,0.02,0.3,1.304037094116211,0.0,8.49,23.86,238.7,1.3466544151306152,0.0,7.59,40.0,400.0,1.255251407623291,359.91,1.4,40.0,400.0,1.4664530754089355,0.0,7.52,40.0,400.0,1.459394454956055,0.0,2.07,40.0,400.0,1.2384822368621826,0.0,2.18,40.0,400.0,1.296823501586914,359.91,10.41,40.0,400.0,1.244489669799805,0.0,0.0,40.0,400.0,1.4117426872253418,359.91,0.0,40.0,400.0,1.4514901638031006,359.91,1.02,40.0,400.0,1.4519729614257812,359.91,10.22,40.0,400.0,1.433933973312378,359.91,0.0,40.0,400.0,1.3088562488555908
359.91,9.49,0.03,0.3,1.3237063884735107,0.0,2.05,23.81,238.2,1.3715417385101318,0.0,2.08,40.0,253.6,1.2911274433135986,359.91,8.76,40.0,400.0,1.4820737838745115,0.0,1.87,40.0,400.0,1.4818742275238037,0.0,0.0,40.0,400.0,1.255605936050415,0.0,0.0,40.0,400.0,1.3141767978668213,359.91,1.89,40.0,400.0,1.2735090255737305,0.0,0.44,40.0,400.0,1.4457595348358154,359.91,9.07,40.0,400.0,1.4829516410827637,359.91,0.73,40.0,400.0,1.49428129196167,359.91,1.72,40.0,400.0,1.4558398723602295,359.91,10.29,40.0,400.0,1.328467845916748
359.91,3.65,0.02,0.2,1.3549981117248535,0.0,0.0,14.88,202.0,1.396021842956543,0.0,0.0,37.92,400.0,1.3054313659667969,359.91,0.0,40.0,313.0,1.5132789611816406,0.0,0.0,40.0,400.0,1.5078797340393066,0.0,4.76,40.0,400.0,1.2883970737457275,0.0,3.43,40.0,400.0,1.346726655960083,359.91,0.07,40.0,400.0,1.2918474674224854,0.0,9.02,40.0,400.0,1.4705941677093506,359.91,3.63,40.0,400.0,1.4985802173614502,359.91,7.78,40.0,400.0,1.5185987949371338,359.91,0.0,40.0,400.0,1.4969699382781982,359.91,1.6,40.0,400.0,1.3631365299224854
359.91,0.0,0.01,0.1,1.3740766048431396,0.0,1.38,23.83,238.6,1.4206504821777344,0.0,3.04,40.0,400.0,1.3406009674072266,359.91,3.42,40.0,400.0,1.5451526641845703,0.0,3.48,40.0,400.0,1.5331366062164309,0.0,8.56,40.0,400.0,1.3061456680297852,0.0,9.68,40.0,400.0,1.3655271530151367,0.0,11.16,40.0,400.0,1.3271636962890625,0.0,2.87,40.0,400.0,1.4938409328460691,359.91,0.0,40.0,400.0,1.5298130512237549,359.91,0.0,40.0,400.0,1.5415782928466797,359.91,7.63,40.0,400.0,1.5196809768676758,359.91,0.0,40.0,400.0,1.3915519714355469
359.91,0.0,0.02,0.1,1.4068355560302734,0.0,7.93,23.85,238.2,1.4438178539276123,0.0,8.66,40.0,400.0,1.365955829620361,359.91,5.97,40.0,400.0,1.5609006881713867,0.0,7.67,40.0,400.0,1.560551643371582,0.0,2.51,40.0,400.0,1.3277440071105957,0.0,2.3,40.0,400.0,1.397660255432129,0.0,3.19,40.0,400.0,1.352281093597412,0.0,0.0,40.0,400.0,1.509575128555298,359.91,11.08,40.0,400.0,1.5615763664245603,359.91,3.16,40.0,400.0,1.5729546546936035,359.91,0.82,40.0,400.0,1.5359036922454834,359.91,8.72,40.0,400.0,1.4068019390106201
359.91,3.03,0.02,0.2,1.420227289199829,0.0,2.35,23.79,238.0,1.459437131881714,0.0,2.4,40.0,400.0,1.3877668380737305,359.91,0.0,32.24,335.7,1.5920343399047852,0.0,2.07,40.0,400.0,1.5855703353881836,0.0,0.0,40.0,400.0,1.3624629974365234,0.0,0.0,40.0,400.0,1.4126529693603516,0.0,0.0,40.0,400.0,1.3750793933868408,0.0,1.36,40.0,400.0,1.540788173675537,359.91,1.44,40.0,400.0,1.5929384231567385,359.91,5.64,40.0,400.0,1.58860445022583,359.91,1.06,40.0,400.0,1.5672519207000732,359.91,1.36,40.0,400.0,1.4381778240203857
359.91,11.15,0.03,0.3,1.4514765739440918,0.0,0.0,14.0,232.3,1.4914100170135498,0.0,0.0,34.06,400.0,1.419095516204834,359.91,3.5,40.0,400.0,1.6233792304992676,0.0,0.0,40.0,400.0,1.5982508659362793,0.0,4.49,40.0,400.0,1.3719842433929443,0.0,3.21,40.0,400.0,1.4434292316436768,0.0,0.45,40.0,400.0,1.401437520980835,0.0,9.38,40.0,400.0,1.5721001625061035,359.91,0.0,40.0,400.0,1.608553171157837,359.91,0.0,40.0,400.0,1.619985580444336,359.91,6.99,40.0,400.0,1.5985078811645508,359.91,0.0,40.0,400.0,1.469426155090332
359.91,3.72,0.02,0.2,1.467099905014038,0.0,2.73,23.72,237.2,1.5227792263031006,0.0,3.82,40.0,400.0,1.4353337287902832,359.91,5.79,40.0,400.0,1.6552238464355469,0.0,3.17,40.0,400.0,1.635530948638916,0.0,9.19,40.0,400.0,1.4033527374267578,0.0,10.08,40.0,400.0,1.4747085571289062,0.0,9.94,40.0,400.0,1.422525405883789,0.0,3.04,40.0,400.0,1.5917224884033203,359.91,8.94,40.0,400.0,1.6398348808288574,359.91,2.96,40.0,400.0,1.6512184143066406,359.91,0.0,40.0,400.0,1.6303505897521973,359.91,6.66,40.0,400.0,1.496018409729004
359.91,0.0,0.01,0.1,1.4989447593688965,0.0,8.89,23.66,236.5,1.5384070873260498,0.0,8.86,40.0,400.0,1.4666881561279297,359.91,0.0,33.97,400.0,1.6708686351776123,0.0,8.32,40.0,400.0,1.6596531867980957,0.0,2.88,40.0,400.0,1.4347083568572998,0.0,1.94,40.0,400.0,1.4903361797332764,0.0,3.42,40.0,400.0,1.4382517337799072,0.0,0.0,40.0,400.0,1.6208434104919434,359.91,1.16,40.0,400.0,1.6716933250427246,359.91,3.51,40.0,400.0,1.6825571060180664,359.91,4.04,40.0,400.0,1.6460888385772705,359.91,0.0,40.0,400.0,1.5269205570220947
359.91,0.0,0.02,0.2,1.515169620513916,0.0,2.34,23.24,233.9,1.5696403980255127,0.0,1.9,40.0,400.0,1.4823153018951416,359.91,6.28,40.0,400.0,1.7052652835845947,0.0,1.55,40.0,400.0,1.6773109436035156,0.0,0.0,40.0,400.0,1.4503307342529297,0.0,0.0,40.0,400.0,1.5221962928771973,0.0,0.0,40.0,400.0,1.4695048332214355,0.0,0.63,40.0,400.0,1.6369216442108154,359.91,0.94,40.0,400.0,1.7030627727508545,359.91,0.0,40.0,400.0,1.6982929706573486,359.91,4.85,40.0,400.0,1.6772277355194092,359.91,2.65,40.0,400.0,1.5498571395874023
359.91,2.9,0.02,0.2,1.5463018417358398,0.0,0.0,12.61,215.2,1.587413311004639,0.0,0.0,31.08,400.0,1.51680588722229,359.91,3.38,40.0,400.0,1.738293170928955,0.0,0.0,40.0,400.0,1.7086713314056396,0.0,2.29,40.0,400.0,1.4861814975738523,0.0,3.24,40.0,400.0,1.537707805633545,0.0,0.22,40.0,400.0,1.4851267337799072,0.0,9.7,40.0,400.0,1.668308973312378,359.91,6.83,40.0,400.0,1.718681573867798,359.91,8.4,40.0,400.0,1.7354493141174316,359.91,0.0,40.0,400.0,1.7085745334625244,359.91,5.99,40.0,400.0,1.5654823780059814
359.91,9.35,0.03,0.3,1.5619714260101318,0.0,2.73,23.75,237.4,1.6166574954986572,0.0,2.85,40.0,400.0,1.533006191253662,359.91,0.0,36.85,400.0,1.76770281791687,0.0,4.15,40.0,400.0,1.724311351776123,0.0,9.75,40.0,400.0,1.5130133628845217,0.0,7.48,40.0,400.0,1.56907320022583,0.0,10.44,40.0,400.0,1.519397258758545,0.0,3.2,40.0,400.0,1.6843430995941162,359.91,0.0,40.0,400.0,1.7498276233673096,359.91,3.08,40.0,400.0,1.7638092041015625,359.91,3.95,40.0,400.0,1.7258188724517822,359.91,0.0,40.0,400.0,1.5963518619537354
359.91,3.68,0.03,0.2,1.597175121307373,0.0,9.57,23.75,237.7,1.632289171218872,0.0,7.48,40.0,400.0,1.5608670711517334,359.91,11.58,40.0,400.0,1.7965359687805176,0.0,6.62,40.0,400.0,1.7560360431671145,0.0,2.12,40.0,400.0,1.5310254096984863,0.0,2.12,40.0,400.0,1.5846796035766602,0.0,2.72,40.0,400.0,1.548252820968628,0.0,0.0,40.0,400.0,1.7155711650848389,359.91,0.99,40.0,400.0,1.7813096046447754,359.91,0.0,40.0,400.0,1.780020236968994,359.91,4.25,40.0,400.0,1.756176471710205,359.91,7.29,40.0,400.0,1.6277084350585938
359.91,0.0,0.01,0.0,1.609278678894043,0.0,2.44,23.8,237.5,1.6635308265686035,0.0,2.1,40.0,400.0,1.5764856338500977,359.91,1.61,40.0,400.0,1.8200581073760984,0.0,1.79,40.0,400.0,1.777677059173584,0.0,0.0,40.0,400.0,1.562272548675537,0.0,0.0,40.0,400.0,1.6165122985839844,0.0,0.0,40.0,400.0,1.5638985633850098,0.0,0.52,40.0,400.0,1.7311227321624756,359.91,6.2,40.0,400.0,1.7969460487365725,359.91,10.52,40.0,400.0,1.810252666473389,359.91,0.0,40.0,400.0,1.787304162979126,359.91,3.88,40.0,400.0,1.658970594406128
359.91,0.0,0.02,0.2,1.6405308246612549,0.0,0.0,12.04,195.4,1.694920778274536,0.0,0.0,28.63,400.0,1.6128432750701904,359.91,0.64,40.0,400.0,1.840425729751587,0.0,0.0,40.0,400.0,1.8071517944335933,0.0,0.62,40.0,400.0,1.5780000686645508,0.0,3.54,40.0,400.0,1.6478898525238037,0.0,3.66,40.0,400.0,1.5951142311096191,0.0,10.08,40.0,400.0,1.7624685764312744,359.91,0.0,40.0,400.0,1.839928388595581,359.91,1.3,40.0,400.0,1.841581106185913,359.91,8.98,40.0,400.0,1.818658828735352,359.91,0.0,40.0,400.0,1.6745095252990723
359.91,3.03,0.02,0.3,1.6562168598175049,0.0,3.11,23.71,237.0,1.7105565071105957,0.0,3.43,40.0,400.0,1.6444542407989502,359.91,9.17,40.0,400.0,1.867276668548584,0.0,4.06,40.0,400.0,1.8356928825378416,0.0,8.74,40.0,400.0,1.6098394393920898,0.0,7.8,40.0,400.0,1.6635117530822754,0.0,9.17,40.0,400.0,1.6268386840820312,0.0,2.62,40.0,400.0,1.7941551208496094,359.91,8.09,40.0,400.0,1.8640906810760496,359.91,0.0,40.0,400.0,1.8728480339050293,359.91,2.65,40.0,400.0,1.8343985080718996,359.91,8.44,40.0,400.0,1.7059822082519531
359.91,11.2,0.03,0.3,1.6874048709869385,0.0,9.67,23.68,237.1,1.7419147491455078,0.0,8.63,40.0,400.0,1.663902997970581,359.91,0.0,40.0,309.9,1.900195837020874,0.0,7.31,40.0,400.0,1.860351324081421,0.0,2.55,40.0,400.0,1.6256017684936523,0.0,2.24,40.0,400.0,1.7008483409881592,0.0,2.05,40.0,400.0,1.642580270767212,0.0,0.0,40.0,400.0,1.809899091720581,359.91,4.1,40.0,400.0,1.8930268287658687,359.91,8.32,40.0,400.0,1.8890719413757324,359.91,0.0,40.0,400.0,1.873781442642212,359.91,3.28,40.0,400.0,1.7373647689819336
359.91,2.62,0.01,0.2,1.703646183013916,0.0,3.14,23.59,235.7,1.757533311843872,0.0,2.39,40.0,400.0,1.6796245574951172,359.91,3.52,40.0,400.0,1.9300851821899407,0.0,1.94,40.0,400.0,1.8727355003356927,0.0,0.0,40.0,400.0,1.6610400676727295,0.0,0.0,40.0,400.0,1.7109668254852295,0.0,0.0,40.0,400.0,1.6738245487213137,0.0,3.78,40.0,400.0,1.8410470485687256,359.91,0.0,40.0,400.0,1.912048816680908,359.91,0.0,40.0,400.0,1.920461893081665,359.91,9.44,40.0,400.0,1.8938791751861568,359.91,0.0,40.0,400.0,1.7686035633087158
359.91,0.0,0.01,0.1,1.7349140644073486,0.0,0.0,13.01,170.2,1.789184331893921,0.0,0.0,27.41,400.0,1.7170624732971191,359.91,6.84,40.0,400.0,1.945826768875122,0.0,0.0,40.0,400.0,1.9095702171325684,0.0,0.5,40.0,400.0,1.6760685443878174,0.0,2.98,40.0,400.0,1.742297649383545,0.0,1.74,40.0,400.0,1.6894497871398926,0.0,8.88,40.0,400.0,1.856771469116211,359.91,9.4,40.0,400.0,1.9432742595672607,359.91,3.18,40.0,400.0,1.9516756534576416,359.91,1.68,40.0,400.0,1.9258604049682615,359.91,10.4,40.0,400.0,1.7968370914459229
359.91,0.0,0.01,0.2,1.7662551403045654,0.0,1.09,22.87,227.1,1.8205480575561523,0.0,3.92,40.0,400.0,1.742332935333252,359.91,0.0,29.54,352.8,1.9770851135253904,0.0,3.78,40.0,400.0,1.9335238933563232,0.0,9.27,40.0,400.0,1.7080039978027344,0.0,8.3,40.0,400.0,1.7746033668518066,0.0,9.6,40.0,400.0,1.7213051319122314,0.0,2.82,40.0,400.0,1.888526201248169,359.91,2.66,40.0,400.0,1.9749596118927,359.91,6.27,40.0,400.0,1.9809536933898928,359.91,0.0,40.0,400.0,1.9414772987365725,359.91,1.43,40.0,400.0,1.8162240982055664
359.91,3.6,0.02,0.3,1.7818846702575684,0.0,10.36,22.76,227.6,1.836176872253418,0.0,8.88,40.0,400.0,1.7580833435058594,359.91,1.26,40.0,400.0,2.0084550380706787,0.0,7.86,40.0,400.0,1.954741716384888,0.0,2.93,40.0,400.0,1.7392878532409668,0.0,2.38,40.0,400.0,1.799468755722046,0.0,2.18,40.0,400.0,1.7526886463165283,0.0,0.0,40.0,400.0,1.919883728027344,359.91,0.0,40.0,400.0,1.990697145462036,359.91,0.0,40.0,400.0,2.001107692718506,359.91,8.85,40.0,400.0,1.9842984676361084,359.91,0.0,40.0,400.0,1.8474504947662354
359.91,9.39,0.03,0.3,1.8132407665252688,0.0,2.08,22.77,226.6,1.8673069477081297,0.0,2.65,40.0,400.0,1.789330244064331,359.91,5.1,40.0,400.0,2.024066209793091,0.0,2.14,40.0,400.0,1.98335075378418,0.0,0.0,40.0,400.0,1.7549867630004885,0.0,0.0,40.0,400.0,1.8199670314788816,0.0,0.0,40.0,400.0,1.7731194496154783,0.0,2.04,40.0,400.0,1.9355101585388184,359.91,10.98,40.0,400.0,2.0219380855560303,359.91,4.89,40.0,400.0,2.028330087661743,359.91,1.39,40.0,400.0,2.008951425552368,359.91,8.24,40.0,400.0,1.8787000179290771
359.91,3.58,0.02,0.2,1.8313086032867432,0.0,0.0,14.52,200.5,1.8881728649139404,0.0,0.0,32.01,400.0,1.8050222396850584,359.91,0.0,32.69,372.0,2.055925130844116,0.0,0.0,40.0,400.0,2.007912397384644,0.0,1.44,40.0,400.0,1.786252498626709,0.0,3.05,40.0,400.0,1.835620880126953,0.0,0.71,40.0,400.0,1.802468538284301,0.0,9.28,40.0,400.0,1.9698567390441888,359.91,1.36,40.0,400.0,2.053086757659912,359.91,4.16,40.0,400.0,2.0595827102661133,359.91,2.03,40.0,400.0,2.037276268005371,359.91,0.0,40.0,400.0,1.8969449996948242
359.91,0.0,0.01,0.0,1.8605852127075195,0.0,2.63,22.91,229.3,1.9200561046600344,0.0,2.81,40.0,400.0,1.8369345664978027,359.91,5.64,40.0,400.0,2.0872738361358643,0.0,4.49,40.0,400.0,2.032491683959961,0.0,9.77,40.0,400.0,1.802476406097412,0.0,8.63,40.0,400.0,1.877375125885009,0.0,8.45,40.0,400.0,1.8202450275421145,0.0,2.99,40.0,400.0,1.9989264011383057,359.91,0.0,40.0,400.0,2.0692038536071777,359.91,0.0,40.0,400.0,2.081345796585083,359.91,6.8,40.0,400.0,2.0596859455108643,359.91,1.96,40.0,400.0,1.9324851036071777
359.91,0.0,0.02,0.2,1.876168966293335,0.0,9.92,23.19,231.8,1.9447968006134035,0.0,8.98,40.0,400.0,1.85257625579834,359.91,4.11,40.0,400.0,2.1185336112976074,0.0,8.42,40.0,400.0,2.0550546646118164,0.0,3.2,40.0,400.0,1.8338382244110107,0.0,2.55,40.0,400.0,1.9010651111602783,0.0,2.38,40.0,400.0,1.843498706817627,0.0,0.0,40.0,400.0,2.0188050270080566,359.91,7.24,40.0,400.0,2.100590229034424,359.91,6.88,40.0,400.0,2.1072165966033936,359.91,0.0,40.0,400.0,2.0753135681152344,359.91,6.15,40.0,400.0,1.9611320495605469
359.91,2.86,0.02,0.3,1.9080264568328853,0.0,2.06,23.47,234.7,1.968733549118042,0.0,2.58,40.0,400.0,1.8839364051818848,359.91,0.0,40.0,400.0,2.141282081604004,0.0,2.41,40.0,400.0,2.083414316177368,0.0,0.0,40.0,400.0,1.8494758605957031,0.0,0.0,40.0,400.0,1.9198417663574217,0.0,0.0,40.0,400.0,1.8747503757476809,0.0,0.94,40.0,400.0,2.034422874450684,359.91,0.0,40.0,400.0,2.131828546524048,359.91,3.59,40.0,400.0,2.138474702835083,359.91,3.35,40.0,400.0,2.1065797805786133,359.91,0.0,40.0,400.0,1.9768953323364258
359.91,9.38,0.03,0.3,1.9237356185913088,0.0,0.0,13.85,232.5,1.988485336303711,0.0,0.0,29.41,390.3,1.9151616096496584,359.91,11.76,40.0,400.0,2.166160345077514,0.0,0.0,40.0,400.0,2.098982572555542,0.0,0.5,40.0,400.0,1.880699634552002,0.0,3.24,40.0,400.0,1.9510462284088133,0.0,0.21,40.0,400.0,1.892120599746704,0.0,9.61,40.0,400.0,2.065671682357788,359.91,0.94,40.0,400.0,2.163369655609131,359.91,0.0,40.0,400.0,2.169721364974976,359.91,6.07,40.0,400.0,2.1385319232940674,359.91,3.91,40.0,400.0,2.0141584873199463
359.91,3.54,0.02,0.1,1.954983472824097,0.0,3.23,23.64,236.1,2.0158424377441406,0.0,3.13,40.0,400.0,1.9333150386810305,359.91,2.14,40.0,286.2,2.2007498741149902,0.0,4.47,40.0,400.0,2.130281448364258,0.0,10.47,40.0,400.0,1.9126522541046145,0.0,9.05,40.0,400.0,1.9667112827301023,0.0,8.86,40.0,400.0,1.920482397079468,0.0,2.2,40.0,400.0,2.0973141193389893,359.91,6.67,40.0,400.0,2.179115056991577,359.91,11.16,40.0,400.0,2.1859614849090576,359.91,0.0,40.0,400.0,2.16990327835083,359.91,4.0,40.0,400.0,2.038952589035034
359.91,0.0,0.02,0.1,1.9706313610076904,0.0,8.33,23.5,235.1,2.047116756439209,0.0,10.11,40.0,400.0,1.962449312210083,359.91,0.0,40.0,400.0,2.2262089252471924,0.0,8.25,40.0,400.0,2.155537366867065,0.0,2.72,40.0,400.0,1.9283969402313232,0.0,2.77,40.0,400.0,1.9979667663574217,0.0,2.68,40.0,400.0,1.935593843460083,0.0,0.0,40.0,400.0,2.118307113647461,359.91,0.0,40.0,400.0,2.2103476524353027,359.91,1.67,40.0,400.0,2.217316150665283,359.91,3.76,40.0,400.0,2.185535430908203,359.91,0.0,40.0,400.0,2.06305193901062
359.91,0.0,0.02,0.2,2.0023913383483887,0.0,2.35,23.53,235.5,2.0627360343933105,0.0,1.77,40.0,369.9,1.978074312210083,359.91,8.42,40.0,400.0,2.251389980316162,0.0,1.79,40.0,400.0,2.177397966384888,0.0,0.0,40.0,400.0,1.959638357162476,0.0,0.0,40.0,400.0,2.0141897201538086,0.0,0.0,40.0,400.0,1.966855525970459,0.0,0.55,40.0,400.0,2.145835399627685,359.91,6.77,40.0,400.0,2.241492748260498,359.91,0.0,40.0,400.0,2.2516558170318604,359.91,3.94,40.0,400.0,2.2167797088623047,359.91,8.24,40.0,400.0,2.0944108963012695
359.91,2.51,0.02,0.2,2.0180211067199707,0.0,0.0,12.59,215.7,2.094576120376587,0.0,0.0,34.58,400.0,2.0093204975128174,359.91,0.0,40.0,290.9,2.2827799320220947,0.0,0.0,40.0,400.0,2.208646774291992,0.0,3.48,40.0,400.0,1.9884965419769287,0.0,3.39,40.0,400.0,2.04544734954834,0.0,0.13,40.0,400.0,1.9982151985168457,0.0,9.98,40.0,400.0,2.1578736305236816,359.91,4.54,40.0,400.0,2.273369550704956,359.91,7.51,40.0,400.0,2.2809298038482666,359.91,0.0,40.0,400.0,2.2487540245056152,359.91,3.39,40.0,400.0,2.111851215362549
359.91,10.67,0.03,0.3,2.049267053604126,0.0,3.11,23.55,235.2,2.1103057861328125,0.0,3.64,40.0,400.0,2.041363477706909,359.91,0.4,40.0,400.0,2.308149099349976,0.0,4.1,40.0,400.0,2.233386754989624,0.0,9.43,40.0,400.0,2.013689041137696,0.0,9.5,40.0,400.0,2.0611746311187744,0.0,9.17,40.0,400.0,2.0209503173828125,0.0,2.49,40.0,400.0,2.18977689743042,359.91,0.0,40.0,400.0,2.2891101837158203,359.91,0.0,40.0,400.0,2.302876710891724,359.91,5.83,40.0,400.0,2.264374256134033,359.91,0.0,40.0,400.0,2.1420557498931885
359.91,2.75,0.02,0.2,2.064892292022705,0.0,8.72,23.57,235.5,2.1415345668792725,0.0,7.15,40.0,400.0,2.0583913326263428,359.91,7.9,40.0,400.0,2.332951784133911,0.0,9.0,40.0,400.0,2.2572665214538574,0.0,3.02,40.0,400.0,2.0376110076904297,0.0,2.26,40.0,400.0,2.092418670654297,0.0,2.99,40.0,400.0,2.0513198375701904,0.0,0.0,40.0,400.0,2.2055206298828125,359.91,8.75,40.0,400.0,2.320353031158448,359.91,2.42,40.0,400.0,2.334169626235962,359.91,2.5,40.0,400.0,2.295725584030152,359.91,8.72,40.0,400.0,2.173422336578369
359.91,0.0,0.01,0.1,2.09828782081604,0.0,2.89,23.51,235.2,2.157191276550293,0.0,1.86,40.0,400.0,2.0892062187194824,359.91,0.0,31.41,326.1,2.364852905273437,0.0,1.99,40.0,400.0,2.2794103622436523,0.0,0.0,40.0,400.0,2.053236961364746,0.0,0.0,40.0,400.0,2.108661651611328,0.0,0.0,40.0,400.0,2.061640739440918,0.0,0.45,40.0,400.0,2.236660957336426,359.91,3.9,40.0,400.0,2.351860284805298,359.91,6.97,40.0,400.0,2.3498682975769043,359.91,0.0,40.0,400.0,2.326584577560425,359.91,2.18,40.0,400.0,2.1976375579833984
359.91,0.0,0.02,0.2,2.1123504638671875,0.0,0.0,12.66,194.8,2.1889514923095703,0.0,0.0,32.17,400.0,2.119176149368286,359.91,2.05,40.0,400.0,2.38034987449646,0.0,0.0,40.0,400.0,2.307167053222656,0.0,0.85,40.0,400.0,2.084484815597534,0.0,3.7,40.0,400.0,2.1401174068450928,0.0,2.01,40.0,400.0,2.0929999351501465,0.0,10.33,40.0,400.0,2.268006563186645,359.91,0.0,40.0,400.0,2.379530429840088,359.91,0.0,40.0,400.0,2.3823447227478027,359.91,10.75,40.0,400.0,2.357956647872925,359.91,0.0,40.0,400.0,2.2210001945495605
359.91,5.36,0.02,0.3,2.143683910369873,0.0,1.18,23.51,235.7,2.2203047275543213,0.0,2.85,40.0,400.0,2.143721342086792,359.91,5.62,40.0,400.0,2.4116060733795166,0.0,2.77,40.0,400.0,2.323903560638428,0.0,10.06,40.0,400.0,2.1158599853515625,0.0,9.78,40.0,400.0,2.171499252319336,0.0,9.6,40.0,400.0,2.124387741088867,0.0,1.69,40.0,400.0,2.286149978637696,359.91,11.44,40.0,400.0,2.404198169708252,359.91,3.14,40.0,400.0,2.4132189750671387,359.91,1.56,40.0,400.0,2.3750760555267334,359.91,9.87,40.0,400.0,2.252176523208618
359.91,9.43,0.03,0.3,2.1749188899993896,0.0,9.87,23.51,235.4,2.2377142906188965,0.0,7.55,40.0,400.0,2.159149408340454,359.91,0.0,31.81,400.0,2.4434618949890137,0.0,7.95,40.0,400.0,2.360489845275879,0.0,1.71,40.0,400.0,2.131486892700196,0.0,2.39,40.0,400.0,2.187124252319336,0.0,3.17,40.0,400.0,2.1401114463806152,0.0,0.0,40.0,400.0,2.315506935119629,359.91,1.59,40.0,400.0,2.4199256896972656,359.91,4.8,40.0,400.0,2.444555282592773,359.91,0.0,40.0,400.0,2.411276340484619,359.91,1.81,40.0,400.0,2.2834930419921875
359.91,4.05,0.03,0.2,2.1904752254486084,0.0,3.12,23.56,235.4,2.2675657272338867,359.91,0.0,24.23,266.9,2.1904964447021484,359.91,7.88,40.0,400.0,2.4591989517211914,0.0,2.16,40.0,400.0,2.37397575378418,0.0,0.0,40.0,400.0,2.162680625915528,0.0,0.0,40.0,400.0,2.217954635620117,0.0,0.0,40.0,400.0,2.1712660789489746,0.0,2.41,40.0,400.0,2.34676456451416,359.91,0.0,40.0,400.0,2.4617958068847656,0.0,0.62,40.0,400.0,2.4602127075195312,359.91,7.07,40.0,400.0,2.4426093101501465,359.91,0.0,40.0,400.0,2.299711227416992
359.91,0.0,0.01,0.1,2.2065463066101074,0.0,0.0,12.93,172.8,2.2892420291900635,359.91,3.26,40.0,400.0,2.2217421531677246,359.91,3.33,40.0,400.0,2.49044156074524,0.0,0.0,40.0,400.0,2.4088430404663086,0.0,4.72,40.0,400.0,2.179372310638428,0.0,2.88,40.0,400.0,2.249254941940308,0.0,0.75,40.0,400.0,2.1870129108428955,0.0,7.59,40.0,400.0,2.3623945713043213,359.91,9.3,40.0,400.0,2.482586622238159,0.0,0.0,40.0,400.0,2.492051362991333,359.91,0.0,40.0,400.0,2.471391439437866,359.91,7.7,40.0,400.0,2.3310911655426025
359.91,0.0,0.02,0.2,2.237802267074585,0.0,2.92,23.59,235.7,2.315045118331909,359.91,7.37,40.0,400.0,2.2379708290100098,359.91,0.0,34.33,400.0,2.521679401397705,0.0,1.09,40.0,400.0,2.4253807067871094,0.0,9.01,40.0,400.0,2.209440231323242,0.0,8.74,40.0,400.0,2.2648849487304688,0.0,9.95,40.0,400.0,2.2214014530181885,0.0,1.87,40.0,400.0,2.393765687942505,359.91,0.25,40.0,400.0,2.513821601867676,0.0,10.65,40.0,400.0,2.5077908039093018,359.91,2.72,40.0,400.0,2.494709253311157,359.91,0.95,40.0,400.0,2.362342119216919
359.91,1.5,0.02,0.3,2.2691261768341064,0.0,10.98,23.53,235.4,2.346303701400757,359.91,0.0,26.13,318.2,2.269340753555298,359.91,6.54,40.0,400.0,2.553554058074951,0.0,7.8,40.0,400.0,2.45828628540039,0.0,1.82,40.0,400.0,2.225050449371338,0.0,2.6,40.0,400.0,2.2961173057556152,0.0,3.43,40.0,400.0,2.2340333461761475,0.0,0.0,40.0,400.0,2.4095325469970703,359.91,1.07,40.0,400.0,2.529448270797729,0.0,3.74,40.0,400.0,2.542877674102783,359.91,6.39,40.0,400.0,2.51043963432312,359.91,0.12,40.0,400.0,2.377945899963379
359.91,9.89,0.03,0.3,2.284762620925904,0.0,1.84,23.48,227.7,2.361971616744995,359.91,3.34,40.0,400.0,2.300576448440552,359.91,3.29,40.0,400.0,2.5692896842956543,0.0,2.26,40.0,400.0,2.4763944149017334,0.0,0.0,40.0,400.0,2.2564144134521484,0.0,0.0,40.0,400.0,2.3142666816711426,0.0,0.0,40.0,400.0,2.277909755706787,0.0,0.9,40.0,400.0,2.44075083732605,359.91,7.26,40.0,400.0,2.5622034072875977,0.0,0.0,40.0,400.0,2.557414531707764,359.91,0.0,40.0,400.0,2.5418026447296143,359.91,7.06,40.0,400.0,2.409322738647461
359.91,4.11,0.02,0.3,2.3165833950042725,0.0,0.0,15.03,203.0,2.3947577476501465,359.91,4.96,40.0,400.0,2.316171884536743,359.91,0.0,40.0,400.0,2.600536108016968,0.0,0.0,40.0,400.0,2.5071492195129395,0.0,3.38,40.0,400.0,2.28767204284668,0.0,1.18,40.0,400.0,2.3418185710906982,0.0,0.2,40.0,400.0,2.3023855686187744,0.0,8.01,40.0,400.0,2.472008466720581,359.91,0.0,40.0,400.0,2.592559576034546,0.0,0.84,40.0,400.0,2.589385747909546,359.91,3.5,40.0,400.0,2.5731847286224365,359.91,0.32,40.0,400.0,2.442223310470581
359.91,0.0,0.01,0.0,2.332247734069824,0.0,3.1,23.44,234.4,2.424088954925537,359.91,0.0,26.83,400.0,2.348076820373535,359.91,10.78,40.0,400.0,2.631678342819214,0.0,3.19,40.0,400.0,2.53103256225586,0.0,8.05,40.0,400.0,2.303914785385132,0.0,9.22,40.0,400.0,2.3573288917541504,0.0,10.45,40.0,400.0,2.321707963943481,0.0,2.12,40.0,400.0,2.489923477172852,359.91,1.0,40.0,400.0,2.6238062381744385,0.0,10.81,40.0,400.0,2.6206440925598145,359.91,4.24,40.0,400.0,2.6044018268585205,359.91,5.04,40.0,400.0,2.4622347354888916
359.91,0.0,0.02,0.1,2.3634519577026367,0.0,9.2,23.47,234.6,2.4393320083618164,359.91,7.97,40.0,400.0,2.379441499710083,359.91,1.1,40.0,324.3,2.6477935314178467,0.0,8.67,40.0,400.0,2.5564608573913574,0.0,2.06,40.0,400.0,2.335288524627685,0.0,2.74,40.0,400.0,2.4015462398529053,0.0,2.69,40.0,400.0,2.3505375385284424,0.0,0.0,40.0,400.0,2.523233652114868,359.91,5.09,40.0,400.0,2.639455318450928,0.0,2.92,40.0,400.0,2.6363747119903564,359.91,0.0,40.0,400.0,2.6271519660949707,359.91,4.91,40.0,400.0,2.4980380535125732
359.91,2.3,0.01,0.2,2.37904691696167,0.0,2.19,23.43,234.2,2.4730236530303955,359.91,2.92,40.0,400.0,2.395068407058716,359.91,0.23,40.0,400.0,2.6791791915893555,0.0,2.6,40.0,400.0,2.572045087814331,0.0,0.0,40.0,400.0,2.350915670394897,0.0,0.0,40.0,400.0,2.4259591102600098,0.0,0.0,40.0,400.0,2.366195678710937,0.0,0.62,40.0,400.0,2.543015241622925,359.91,0.0,40.0,400.0,2.671196699142456,0.0,0.0,40.0,400.0,2.667630434036255,359.91,4.45,40.0,400.0,2.651854515075684,359.91,0.0,40.0,400.0,2.515082597732544
359.91,11.81,0.03,0.3,2.4108481407165527,0.0,0.0,13.53,186.4,2.4896881580352783,359.91,0.0,35.69,400.0,2.434401035308838,359.91,6.9,40.0,400.0,2.7155544757843018,0.0,0.0,40.0,400.0,2.603400230407715,0.0,1.1,40.0,400.0,2.382164239883423,0.0,3.55,40.0,400.0,2.441583633422852,0.0,3.7,40.0,400.0,2.397666931152344,0.0,8.34,40.0,400.0,2.558748483657837,359.91,7.72,40.0,400.0,2.702566146850586,0.0,3.02,40.0,400.0,2.683943271636963,359.91,3.67,40.0,400.0,2.683212757110596,359.91,6.46,40.0,400.0,2.5553674697875977
359.91,3.01,0.02,0.2,2.42647647857666,0.0,1.02,23.37,233.9,2.5218684673309326,359.91,11.04,40.0,400.0,2.458266019821167,359.91,0.0,29.62,324.6,2.7422800064086914,0.0,2.05,40.0,400.0,2.6346566677093506,0.0,8.57,40.0,400.0,2.4139907360076904,0.0,9.51,40.0,400.0,2.4729225635528564,0.0,9.24,40.0,400.0,2.4217782020568848,0.0,2.4,40.0,400.0,2.595977783203125,359.91,4.38,40.0,400.0,2.718174695968628,0.0,9.64,40.0,400.0,2.7152419090271,359.91,0.0,40.0,400.0,2.6988346576690674,359.91,4.24,40.0,400.0,2.5778396129608154
359.91,0.0,0.01,0.1,2.457820177078247,0.0,8.44,23.32,232.7,2.5376510620117188,359.91,0.15,40.0,242.0,2.489506483078003,359.91,1.12,40.0,400.0,2.763228416442871,0.0,9.19,40.0,400.0,2.656386137008667,0.0,2.35,40.0,400.0,2.4297261238098145,0.0,2.93,40.0,400.0,2.4885518550872803,0.0,2.99,40.0,400.0,2.44894814491272,0.0,0.0,40.0,400.0,2.6214969158172607,359.91,0.0,40.0,400.0,2.7493250370025635,0.0,3.16,40.0,400.0,2.735987663269043,359.91,10.77,40.0,400.0,2.7307004928588867,359.91,0.0,40.0,400.0,2.5981788635253906
359.91,0.0,0.02,0.2,2.473461866378784,0.0,2.66,22.44,224.9,2.569004774093628,359.91,0.28,40.0,400.0,2.520742177963257,359.91,6.8,40.0,400.0,2.7945711612701416,0.0,2.68,40.0,400.0,2.6822338104248047,0.0,0.0,40.0,400.0,2.460966825485229,0.0,0.0,40.0,400.0,2.5204970836639404,0.0,0.0,40.0,400.0,2.4645607471466064,0.0,4.49,40.0,400.0,2.64454197883606,359.91,11.04,40.0,400.0,2.781201362609864,0.0,0.0,40.0,400.0,2.768439292907715,359.91,1.68,40.0,400.0,2.7620654106140137,359.91,8.92,40.0,400.0,2.628558397293091
359.91,3.14,0.02,0.3,2.5051534175872803,0.0,0.0,12.77,205.3,2.590142250061035,359.91,8.8,40.0,400.0,2.536970853805542,359.91,0.0,32.55,374.5,2.8101980686187744,0.0,0.0,40.0,400.0,2.697859048843384,0.0,4.66,40.0,400.0,2.488789796829224,0.0,3.51,40.0,400.0,2.5361242294311523,0.0,1.91,40.0,400.0,2.4959170818328857,0.0,8.7,40.0,400.0,2.660301685333252,359.91,1.93,40.0,400.0,2.812432289123535,0.0,2.35,40.0,400.0,2.7828755378723145,359.91,0.0,40.0,400.0,2.7932748794555664,359.91,2.61,40.0,400.0,2.657278060913086
359.91,9.78,0.03,0.3,2.520822763442993,0.0,2.48,23.13,230.8,2.61639142036438,359.91,0.0,40.0,259.2,2.5741920471191406,359.91,5.41,40.0,400.0,2.846604585647583,0.0,1.18,40.0,400.0,2.729010581970215,0.0,9.06,40.0,400.0,2.5128443241119385,0.0,9.92,40.0,400.0,2.5674610137939453,0.0,9.62,40.0,400.0,2.527679443359375,0.0,2.68,40.0,400.0,2.69204330444336,359.91,0.0,40.0,400.0,2.843573570251465,0.0,10.01,40.0,400.0,2.8112120628356934,359.91,8.97,40.0,400.0,2.808834791183472,359.91,0.0,40.0,400.0,2.68865966796875
359.91,3.88,0.02,0.2,2.5520315170288086,0.0,9.5,22.63,228.0,2.632013320922852,359.91,2.54,40.0,400.0,2.590084791183472,359.91,4.15,40.0,400.0,2.877850294113159,0.0,9.08,40.0,400.0,2.7563488483428955,0.0,2.8,40.0,400.0,2.5308034420013428,0.0,3.21,40.0,400.0,2.583202600479126,0.0,2.22,40.0,400.0,2.543407440185547,0.0,0.0,40.0,400.0,2.723405599594116,359.91,9.72,40.0,400.0,2.867532253265381,0.0,2.52,40.0,400.0,2.842341661453247,0.0,1.97,40.0,400.0,2.840638399124145,359.91,10.47,40.0,400.0,2.7048861980438232
359.91,0.0,0.01,0.1,2.5676639080047607,0.0,2.51,23.05,230.6,2.6632609367370605,359.91,6.61,40.0,400.0,2.627349376678467,359.91,0.0,32.87,400.0,2.8935818672180176,0.0,2.07,40.0,400.0,2.7813878059387207,0.0,0.0,40.0,400.0,2.562052249908448,0.0,0.0,40.0,400.0,2.614941358566284,0.0,0.0,40.0,400.0,2.574658393859864,0.0,3.21,40.0,400.0,2.7389206886291504,359.91,1.52,40.0,400.0,2.896611213684082,0.0,0.0,40.0,400.0,2.858051300048828,0.0,0.0,40.0,400.0,2.87199330329895,359.91,1.6,40.0,400.0,2.742720603942871
359.91,0.0,0.01,0.2,2.59958291053772,0.0,0.0,11.65,192.3,2.694543600082397,359.91,0.0,25.46,274.2,2.656102180480957,359.91,12.02,40.0,400.0,2.9248318672180176,0.0,0.0,40.0,400.0,2.806914806365967,0.0,2.38,40.0,400.0,2.577785015106201,0.0,2.58,40.0,400.0,2.646315574645996,0.0,0.52,40.0,400.0,2.59028434753418,0.0,9.02,40.0,400.0,2.7704310417175293,359.91,0.94,40.0,400.0,2.917308807373047,0.0,2.94,40.0,400.0,2.889803409576416,0.0,3.15,40.0,400.0,2.8875961303710938,359.91,0.08,40.0,400.0,2.767768383026123
359.91,3.04,0.02,0.3,2.6311850547790527,0.0,2.94,22.52,227.1,2.710289239883423,359.91,1.79,40.0,400.0,2.673992872238159,359.91,2.04,40.0,400.0,2.9566762447357178,0.0,3.57,40.0,400.0,2.8161814212799072,0.0,9.71,40.0,400.0,2.6092329025268555,0.0,10.38,40.0,400.0,2.6619410514831543,0.0,9.96,40.0,400.0,2.6221182346343994,0.0,2.87,40.0,400.0,2.787281513214112,359.91,7.48,40.0,400.0,2.948671340942383,0.0,8.88,40.0,400.0,2.9055397510528564,0.0,9.16,40.0,400.0,2.921948194503784,359.91,7.16,40.0,400.0,2.799635887145996
359.91,9.71,0.03,0.3,2.6469175815582275,0.0,9.93,22.93,229.9,2.7414937019348145,359.91,5.6,40.0,400.0,2.7051985263824463,359.91,0.0,40.0,400.0,2.9880337715148926,0.0,9.85,40.0,400.0,2.8566668033599854,0.0,3.13,40.0,400.0,2.624991178512573,0.0,2.59,40.0,400.0,2.6931984424591064,0.0,2.37,40.0,400.0,2.637742280960083,0.0,0.0,40.0,400.0,2.8175277709960938,359.91,0.0,40.0,400.0,2.9648921489715576,0.0,2.06,40.0,400.0,2.936686038970948,0.0,2.16,40.0,400.0,2.9324543476104736,359.91,0.54,40.0,400.0,2.815479040145874
359.91,3.77,0.02,0.2,2.662461996078491,0.0,2.94,22.83,228.4,2.757042646408081,359.91,0.0,28.05,363.9,2.737034797668457,359.91,10.03,40.0,400.0,3.0037484169006348,0.0,2.36,40.0,400.0,2.879028558731079,0.0,0.0,40.0,400.0,2.6562283039093018,0.0,0.0,40.0,400.0,2.72515082359314,0.0,0.0,40.0,400.0,2.6691102981567383,0.0,1.22,40.0,400.0,2.8331477642059326,359.91,1.0,40.0,400.0,2.9962470531463623,0.0,0.0,40.0,400.0,2.968039035797119,0.0,0.0,40.0,400.0,2.970641851425171,359.91,0.67,40.0,400.0,2.8470499515533447
359.91,0.0,0.01,0.1,2.6998891830444336,0.0,0.0,12.98,168.6,2.790539503097534,359.91,7.49,40.0,400.0,2.7527809143066406,359.91,0.0,40.0,307.1,3.035114288330078,0.0,0.0,40.0,400.0,2.894657611846924,0.0,0.75,40.0,400.0,2.687466144561768,0.0,3.18,40.0,400.0,2.740764617919922,0.0,0.22,40.0,400.0,2.687852621078491,0.0,9.38,40.0,400.0,2.864346504211426,359.91,5.42,40.0,400.0,3.027501583099365,0.0,3.17,40.0,400.0,2.9836578369140625,0.0,2.52,40.0,400.0,2.9990575313568115,359.91,6.5,40.0,400.0,2.8784351348876953
359.91,0.0,0.01,0.2,2.7256181240081787,0.0,0.79,23.37,234.1,2.820908784866333,359.91,3.52,40.0,400.0,2.7840280532836914,359.91,3.41,40.0,400.0,3.066978454589844,0.0,2.14,40.0,400.0,2.925801515579224,0.0,10.3,40.0,400.0,2.7037062644958496,0.0,9.2,40.0,400.0,2.7720038890838623,0.0,8.84,40.0,400.0,2.72222113609314,0.0,3.01,40.0,400.0,2.887601613998413,359.91,0.0,40.0,400.0,3.058922529220581,0.0,9.29,40.0,400.0,3.0152246952056885,0.0,8.05,40.0,400.0,3.0153346061706543,359.91,0.0,40.0,400.0,2.8986916542053223
359.91,2.81,0.02,0.2,2.741255044937134,0.0,10.2,23.22,231.3,2.836653709411621,359.91,0.0,30.62,400.0,2.815290927886963,359.91,6.24,40.0,400.0,3.0983424186706543,0.0,8.98,40.0,400.0,2.9577767848968506,0.0,2.46,40.0,400.0,2.7376067638397217,0.0,2.18,40.0,400.0,2.7876534461975098,0.0,2.66,40.0,400.0,2.7522339820861816,0.0,0.0,40.0,400.0,2.91184949874878,359.91,5.88,40.0,400.0,3.075157165527344,0.0,2.22,40.0,400.0,3.0464792251586914,0.0,2.34,40.0,400.0,3.046797037124634,359.91,6.27,40.0,400.0,2.9255411624908447
359.91,11.05,0.03,0.3,2.7725188732147217,0.0,2.06,23.21,232.4,2.867901086807251,359.91,11.97,40.0,400.0,2.834498882293701,359.91,0.0,30.87,383.8,3.1139683723449707,0.0,2.65,40.0,400.0,2.9735121726989746,0.0,0.0,40.0,400.0,2.753546476364136,0.0,0.0,40.0,400.0,2.820173740386963,0.0,0.0,40.0,400.0,2.776651620864868,0.0,0.7,40.0,400.0,2.9449286460876465,359.91,4.86,40.0,400.0,3.106520652770996,0.0,0.0,40.0,400.0,3.0715484619140625,0.0,0.0,40.0,400.0,3.062422275543213,359.91,4.34,40.0,400.0,2.9566783905029297
359.91,2.69,0.02,0.2,2.788127899169922,0.0,0.0,14.53,201.0,2.89049768447876,359.91,1.88,40.0,400.0,2.8628549575805664,359.91,2.02,40.0,400.0,3.14532208442688,0.0,0.0,40.0,400.0,3.0046534538269043,0.0,4.37,40.0,400.0,2.7848031520843506,0.0,3.5,40.0,400.0,2.85170841217041,0.0,0.12,40.0,400.0,2.7954564094543457,0.0,9.74,40.0,400.0,2.9590513706207275,359.91,0.0,40.0,400.0,3.1377573013305664,0.0,2.91,40.0,400.0,3.0898382663726807,0.0,1.83,40.0,400.0,3.093658685684204,359.91,0.0,40.0,400.0,2.9895293712615967
359.91,0.0,0.01,0.1,2.820089340209961,0.0,1.64,23.37,233.7,2.9241411685943604,0.0,0.0,32.51,400.0,2.894101858139038,359.91,3.94,40.0,400.0,3.1766788959503174,0.0,4.36,40.0,400.0,3.0215229988098145,10.11,7.7,40.0,400.0,2.816547393798828,0.0,9.56,40.0,400.0,2.876784324645996,0.0,9.23,40.0,400.0,2.8268356323242188,0.0,3.18,40.0,400.0,2.9909136295318604,359.91,9.82,40.0,400.0,3.163512945175171,0.0,9.56,40.0,400.0,3.105578899383545,0.0,8.44,40.0,400.0,3.109278917312622,359.91,7.64,40.0,400.0,2.9996469020843506
359.91,0.0,0.02,0.2,2.8356103897094727,0.0,9.7,23.59,233.6,2.948643684387207,0.0,3.76,40.0,400.0,2.90960955619812,359.91,0.0,34.82,400.0,3.1974990367889404,0.0,9.08,40.0,400.0,3.056823253631592,0.0,1.52,40.0,400.0,2.832275390625,0.0,2.31,40.0,400.0,2.8967905044555664,0.0,2.99,40.0,400.0,2.842582941055298,0.0,0.0,40.0,400.0,3.022284746170044,359.91,2.97,40.0,400.0,3.1853718757629395,0.0,2.35,40.0,400.0,3.137279272079468,0.0,2.52,40.0,400.0,3.1411266326904297,359.91,2.67,40.0,400.0,3.042588472366333
359.91,2.56,0.02,0.3,2.866962432861328,0.0,2.13,23.28,232.7,2.9681825637817383,0.0,7.51,40.0,400.0,2.941462516784668,359.91,6.92,40.0,400.0,3.233597993850708,0.0,2.8,40.0,400.0,3.08018445968628,0.0,0.0,40.0,400.0,2.863531351089477,0.0,0.0,40.0,400.0,2.912454128265381,0.0,0.0,40.0,400.0,2.873823404312134,0.0,0.54,40.0,400.0,3.047317743301392,359.91,0.0,40.0,400.0,3.216603279113769,0.0,0.0,40.0,400.0,3.168635368347168,0.0,0.0,40.0,400.0,3.156867027282715,359.91,0.0,40.0,400.0,3.0665791034698486
359.91,9.32,0.03,0.3,2.8825955390930176,0.0,0.0,13.59,177.3,2.99045467376709,0.0,1.97,40.0,243.9,2.957193374633789,359.91,3.27,40.0,400.0,3.250673532485962,0.0,0.0,40.0,400.0,3.095801591873169,0.0,3.99,40.0,400.0,2.879170179367065,0.0,3.41,40.0,400.0,2.943828582763672,0.0,1.64,40.0,400.0,2.889453887939453,0.0,10.05,40.0,400.0,3.061451911926269,359.91,11.32,40.0,400.0,3.2477548122406006,0.0,2.31,40.0,400.0,3.1848742961883545,0.0,0.96,40.0,400.0,3.188079595565796,359.91,10.32,40.0,400.0,3.081688404083252
359.91,4.03,0.03,0.2,2.914226055145264,0.0,2.98,22.77,226.8,3.018733263015747,0.0,0.0,30.84,400.0,2.988450527191162,359.91,0.0,40.0,400.0,3.282032489776612,0.0,2.0,40.0,400.0,3.127047061920166,0.0,8.26,40.0,400.0,2.9108030796051025,0.0,10.03,40.0,400.0,2.974964141845703,0.0,9.61,40.0,400.0,2.922337770462036,0.0,2.59,40.0,400.0,3.095540761947632,359.91,1.8,40.0,400.0,3.263760089874268,0.0,8.58,40.0,400.0,3.2162373065948486,0.0,8.7,40.0,400.0,3.2193498611450195,359.91,1.59,40.0,400.0,3.1131296157836914
359.91,0.0,0.02,0.1,2.9299521446228027,0.0,8.74,22.74,226.4,3.046903848648072,0.0,4.24,40.0,400.0,3.019586563110352,359.91,11.59,40.0,400.0,3.313277244567871,0.0,9.74,40.0,400.0,3.1589035987854004,0.0,1.64,40.0,400.0,2.926542282104492,0.0,1.94,40.0,400.0,2.990678548812866,0.0,3.18,40.0,400.0,2.9364492893218994,0.0,0.0,40.0,400.0,3.111370801925659,359.91,0.55,40.0,400.0,3.295129537582397,348.75,1.1,40.0,400.0,3.2475292682647705,0.0,2.67,40.0,400.0,3.2355706691741943,359.91,0.0,40.0,400.0,3.144496202468872
359.91,0.0,0.02,0.2,2.961211681365967,0.0,2.3,23.06,231.8,3.067523002624512,0.0,7.56,40.0,400.0,3.035193681716919,359.91,1.82,40.0,400.0,3.3288679122924805,0.0,2.96,40.0,400.0,3.17463493347168,0.0,0.0,40.0,400.0,2.9578075408935547,0.0,0.0,40.0,400.0,3.0222277641296387,0.0,0.0,40.0,400.0,2.9741971492767334,0.0,3.84,40.0,400.0,3.149287939071656,359.91,8.2,40.0,400.0,3.326371669769287,359.91,0.49,40.0,400.0,3.274606704711914,0.0,0.0,40.0,400.0,3.266885042190552,359.91,7.25,40.0,400.0,3.1757090091705322
0.0,0.17,0.01,0.3,2.976825475692749,0.0,0.0,12.36,212.0,3.0908732414245605,0.0,2.24,40.0,289.1,3.066575765609741,359.91,0.1,40.0,400.0,3.362520217895508,0.0,0.0,40.0,400.0,3.205884456634521,0.0,4.71,40.0,400.0,2.9914629459381104,0.0,3.13,40.0,400.0,3.0378530025482178,0.0,0.45,40.0,400.0,3.001138925552368,0.0,8.87,40.0,400.0,3.1617534160614014,359.91,0.83,40.0,400.0,3.3588833808898926,359.91,7.92,40.0,400.0,3.290308952331543,0.0,0.26,40.0,400.0,3.298170566558838,359.91,0.73,40.0,400.0,3.199469804763794
0.0,1.62,0.02,0.2,3.0084614753723145,0.0,3.17,22.71,236.6,3.1152231693267822,0.0,0.0,38.26,400.0,3.083660840988159,359.91,7.33,40.0,400.0,3.393505096435547,0.0,0.91,40.0,400.0,3.221520185470581,0.0,7.22,40.0,400.0,3.0171375274658203,0.0,7.25,40.0,400.0,3.069115400314331,0.0,10.01,40.0,400.0,3.022505760192871,0.0,2.81,40.0,400.0,3.193718910217285,359.91,0.99,40.0,400.0,3.383883714675904,359.91,0.67,40.0,400.0,3.321705818176269,0.0,9.04,40.0,400.0,3.3138058185577397,359.91,0.44,40.0,400.0,3.2232120037078857
0.0,5.6,0.02,0.3,3.024200201034546,359.91,5.4,24.08,240.5,3.146474838256836,0.0,2.82,40.0,400.0,3.1223394870758057,359.91,0.0,32.24,321.3,3.412017583847046,0.0,9.8,40.0,400.0,3.25684142112732,0.0,1.83,40.0,400.0,3.041090965270996,0.0,2.06,40.0,400.0,3.101036787033081,0.0,2.36,40.0,400.0,3.048454761505127,0.0,0.0,40.0,400.0,3.20946741104126,359.91,7.55,40.0,400.0,3.404686450958252,359.91,2.89,40.0,400.0,3.35306167602539,0.0,2.81,40.0,400.0,3.345670700073242,359.91,6.58,40.0,400.0,3.254559278488159
0.0,12.53,0.03,0.3,3.039812088012696,359.91,0.0,11.7,129.9,3.17772912979126,0.0,8.68,40.0,400.0,3.1475753784179688,359.91,0.99,40.0,400.0,3.444356918334961,0.0,3.23,40.0,400.0,3.281965732574463,0.0,0.0,40.0,400.0,3.0659215450286865,0.0,0.0,40.0,400.0,3.116283655166626,0.0,0.0,40.0,400.0,3.0639843940734863,0.0,1.77,40.0,400.0,3.240697145462036,359.91,0.0,40.0,400.0,3.4360480308532715,359.91,5.78,40.0,400.0,3.3686890602111816,0.0,0.0,40.0,400.0,3.3612968921661377,359.91,0.0,40.0,400.0,3.2857911586761475
0.0,6.59,0.03,0.3,3.0709996223449707,359.91,2.87,22.87,230.5,3.19396710395813,0.0,2.38,40.0,400.0,3.1661386489868164,359.91,7.43,40.0,400.0,3.4751534461975098,0.0,0.0,40.0,400.0,3.306591510772705,0.0,3.91,40.0,400.0,3.08539080619812,0.0,3.31,40.0,400.0,3.147599697113037,0.0,5.03,40.0,400.0,3.0953314304351807,0.0,9.24,40.0,400.0,3.2719523906707764,359.91,4.13,40.0,400.0,3.4641242027282715,359.91,0.0,40.0,400.0,3.400047779083252,0.0,3.0,40.0,400.0,3.392537832260132,359.91,2.87,40.0,400.0,3.3015480041503906
0.0,4.22,0.02,0.2,3.086618661880493,359.91,5.12,23.5,231.1,3.225322961807251,0.0,0.0,34.51,400.0,3.1817657947540283,359.91,0.0,29.42,345.7,3.490772008895874,0.0,2.89,40.0,400.0,3.327454328536988,0.0,7.78,40.0,400.0,3.101722002029419,0.0,7.69,40.0,400.0,3.163274049758911,0.0,8.86,40.0,400.0,3.122593641281128,0.0,1.92,40.0,400.0,3.288583278656006,359.91,5.24,40.0,400.0,3.485866069793701,359.91,2.84,40.0,400.0,3.431300163269043,0.0,9.37,40.0,400.0,3.408164978027344,359.91,4.44,40.0,400.0,3.332934617996216
0.0,1.98,0.02,0.1,3.1183433532714844,359.91,0.0,14.64,190.4,3.2565321922302246,0.0,3.46,40.0,400.0,3.213003635406494,359.91,4.34,40.0,400.0,3.528062582015991,0.0,10.4,40.0,400.0,3.359302520751953,0.0,1.98,40.0,400.0,3.1330809593200684,0.0,2.17,40.0,400.0,3.194519281387329,0.0,2.7,40.0,400.0,3.142331838607788,0.0,0.0,40.0,400.0,3.3194429874420166,359.91,0.0,40.0,400.0,3.517109632492065,359.91,3.66,40.0,400.0,3.462533950805664,0.0,2.95,40.0,400.0,3.441914796829224,0.0,0.83,40.0,400.0,3.3641622066497803
0.0,0.0,0.01,0.0,3.133965492248535,359.91,9.1,23.22,231.1,3.272207975387573,0.0,8.97,40.0,400.0,3.2448787689208984,359.91,4.72,40.0,400.0,3.554208993911743,0.0,2.1,40.0,400.0,3.375027894973755,0.0,0.0,40.0,400.0,3.164225101470948,0.0,0.0,40.0,400.0,3.210737943649292,0.0,0.0,40.0,400.0,3.1736884117126465,0.0,0.86,40.0,400.0,3.335068464279175,359.91,6.46,40.0,400.0,3.5327308177948,359.91,0.0,40.0,400.0,3.48478627204895,0.0,0.0,40.0,400.0,3.47087836265564,0.0,0.0,40.0,400.0,3.3797740936279297
0.0,0.0,0.01,0.1,3.149590492248535,,,,,,,,,,,359.91,0.0,31.57,400.0,3.5855634212493896,0.0,0.0,40.0,400.0,3.40628719329834,,,,,,,,,,,0.0,3.86,40.0,400.0,3.1893093585968018,0.0,9.65,40.0,400.0,3.3663034439086914,359.91,3.21,40.0,400.0,3.564505815505981,359.91,8.31,40.0,400.0,3.5094656944274902,359.91,5.25,40.0,400.0,3.4997873306274414,,,,,
,,,,,,,,,,,,,,,359.91,2.98,40.0,400.0,3.6011962890625,0.0,1.65,40.0,400.0,3.421886682510376,,,,,,,,,,,0.0,9.24,40.0,400.0,3.22262978553772,0.0,2.16,40.0,400.0,3.3981449604034424,359.91,0.0,40.0,400.0,3.595857858657837,359.91,3.16,40.0,400.0,3.5407814979553223,359.91,3.65,40.0,400.0,3.5283334255218506,,,,,
,,,,,,,,,,,,,,,359.91,2.9,40.0,400.0,3.63244891166687,0.0,9.45,40.0,400.0,3.4571609497070312,,,,,,,,,,,,,,,,0.0,0.0,40.0,400.0,3.4138877391815186,359.91,10.18,40.0,400.0,3.627106904983521,359.91,0.0,40.0,400.0,3.556403160095215,359.91,0.0,40.0,400.0,3.550180435180664,,,,,
