Angle Raw,Bus Voltage (V),Shunt Voltage (mV),Current (mA),Angle Raw.1,Bus Voltage (V).1,Shunt Voltage (mV).1,Current (mA).1,Angle Raw.2,Bus Voltage (V).2,Shunt Voltage (mV).2,Current (mA).2,Angle Raw.3,Bus Voltage (V).3,Shunt Voltage (mV).3,Current (mA).3,Angle Raw.4,Bus Voltage (V).4,Shunt Voltage (mV).4,Current (mA).4,Angle Raw.5,Bus Voltage (V).5,Shunt Voltage (mV).5,Current (mA).5,Angle Raw.6,Bus Voltage (V).6,Shunt Voltage (mV).6,Current (mA).6,Angle Raw,Bus Voltage (V),Shunt Voltage (mV),Current (mA)
346.03,4.4,0.14,0.2,171.91,2.66,12.87,129.3,282.83,0.0,15.68,74.2,99.4,1.76,16.44,78.0,297.69,12.62,18.62,184.6,111.09,0.1,17.42,154.3,130.61,0.0,6.66,139.2,315.7,10.31,15.22,137.0
345.94,0.0,0.01,-0.2,169.37,9.05,10.06,134.4,277.03,1.11,13.79,96.0,89.74,0.0,10.13,113.7,284.5,5.88,19.0,186.2,95.1,6.62,17.22,107.0,111.36,0.29,11.8,188.9,291.45,2.61,18.39,178.5
346.03,0.59,0.01,0.2,166.82,2.72,7.46,147.1,270.88,11.85,9.42,143.9,80.16,3.5,12.39,152.7,271.32,0.0,10.29,114.9,78.49,7.54,19.19,101.2,91.23,5.84,12.89,161.6,267.89,0.0,12.86,124.5
346.03,6.86,0.03,0.3,164.27,3.42,8.32,138.8,264.46,0.0,9.55,65.7,70.66,5.96,13.38,91.8,252.51,10.71,18.05,182.0,61.52,0.0,11.51,132.6,71.46,2.32,14.2,129.4,235.2,5.9,13.54,149.4
346.03,10.78,0.05,0.2,149.41,6.54,9.77,98.1,231.68,0.41,6.24,69.1,22.68,0.0,13.81,31.7,171.47,0.0,10.34,113.0,328.62,9.4,15.48,97.6,319.75,0.04,14.43,169.4,94.39,0.0,12.6,115.9
346.03,2.62,0.02,0.2,135.18,1.03,11.78,54.6,198.81,11.52,13.11,104.4,328.97,0.21,8.76,145.0,92.11,3.17,14.47,129.7,231.5,4.39,15.79,163.4,200.48,10.98,13.77,176.2,317.55,3.66,13.42,183.2
345.94,0.0,0.01,-0.1,120.15,0.0,14.36,93.6,160.75,1.71,17.34,65.4,273.25,12.21,16.6,47.2,15.47,9.81,12.18,106.4,132.8,0.0,8.81,180.0,76.46,1.01,15.4,119.9,177.01,7.34,14.64,152.9
346.03,2.72,0.02,0.2,104.77,11.79,10.21,96.0,126.21,0.0,15.55,161.8,215.33,1.82,13.88,122.5,299.09,1.48,8.22,48.4,36.39,3.18,13.4,129.4,320.36,1.31,16.04,167.0,34.98,0.0,9.46,131.5
346.03,11.02,0.03,0.4,88.95,2.8,7.52,143.0,89.12,9.16,9.47,128.8,158.12,1.09,4.69,121.2,226.05,0.0,7.35,95.6,299.0,5.76,18.53,170.3,201.36,9.41,15.92,153.8,264.02,0.44,14.68,151.5
346.03,5.16,0.01,0.3,74.0,0.0,6.72,86.2,54.84,4.24,8.38,189.1,103.54,11.26,13.61,99.0,154.34,4.94,10.89,106.0,198.46,0.0,10.46,124.4,82.27,2.08,13.01,124.4,124.28,8.54,16.85,171.5
346.03,1.55,0.02,0.0,59.59,0.21,11.56,117.4,20.57,0.0,7.78,123.4,44.74,2.27,15.66,112.9,75.23,5.34,12.26,123.5,100.02,2.59,10.96,189.1,325.63,1.88,15.94,163.6,340.84,0.0,15.55,98.5
345.94,0.0,0.01,0.2,44.12,10.11,6.74,147.9,346.2,0.57,8.23,89.5,348.4,0.0,15.71,110.0,358.33,0.0,12.57,105.1,357.98,5.54,12.95,178.9,205.75,8.62,14.35,170.3,205.31,0.56,18.48,184.1
346.03,3.12,0.02,0.3,29.27,2.67,6.95,98.9,312.36,10.14,6.61,160.7,290.21,11.14,11.25,180.3,278.7,5.88,13.3,176.2,257.17,0.0,8.73,130.1,87.8,1.86,13.93,109.8,64.6,9.55,16.29,150.7
345.94,11.96,0.03,0.3,15.12,0.0,8.73,72.8,275.63,1.97,11.91,56.3,230.01,0.0,7.49,112.2,200.04,3.96,18.89,184.5,162.25,3.01,15.67,138.0,331.17,0.48,13.78,162.7,286.96,1.71,17.1,107.3
345.94,3.45,0.02,0.3,0.79,0.0,8.0,73.5,239.85,0.0,9.48,92.7,175.17,0.94,13.03,89.0,122.08,0.0,15.29,165.1,62.93,6.7,10.78,191.7,211.46,8.72,14.27,173.3,146.87,0.72,13.74,134.3
346.03,0.0,0.04,-0.1,347.43,4.97,14.61,109.8,206.46,4.03,15.11,170.9,120.15,11.09,6.51,143.2,42.28,8.36,17.31,158.9,324.05,0.0,8.05,155.2,92.37,1.85,13.31,150.1,4.22,11.34,18.43,162.7
346.03,0.0,0.02,0.2,331.44,3.74,13.73,73.5,170.16,2.98,11.21,73.8,61.7,2.82,14.67,94.1,325.99,3.0,14.6,155.0,228.16,2.87,17.53,105.8,336.45,0.38,13.7,166.1,228.08,1.18,14.22,115.3
346.03,4.36,0.04,0.3,316.49,0.0,5.92,96.0,135.88,0.0,7.21,153.3,7.47,0.0,5.41,128.5,246.45,0.0,11.07,121.4,129.46,6.58,15.38,146.5,216.39,7.88,13.5,168.6,88.24,0.17,16.72,150.7
346.03,9.6,0.04,0.2,301.99,2.14,9.66,99.4,100.28,3.15,5.62,82.5,315.88,3.66,7.95,92.7,168.31,8.04,10.87,111.4,27.51,0.0,9.52,154.5,98.26,1.46,13.75,124.0,310.43,9.21,15.15,179.6
346.03,3.83,0.01,0.2,287.67,10.53,11.71,70.1,65.92,8.63,9.38,125.6,262.27,9.39,9.23,83.4,89.91,3.1,8.02,100.0,294.96,3.34,13.57,106.4,341.28,1.63,13.69,165.5,169.89,0.0,15.61,88.2
346.03,0.0,0.0,0.1,271.93,1.83,11.5,52.4,31.99,2.67,16.38,72.5,209.0,2.72,6.3,181.6,15.38,0.0,7.29,66.6,195.47,7.88,17.63,105.0,221.22,9.43,14.41,169.7,34.37,0.0,12.62,177.3
346.03,0.0,0.01,0.1,256.46,1.38,8.78,72.8,357.36,0.0,11.63,133.7,154.34,0.0,14.09,89.5,305.51,0.48,7.93,96.0,95.54,1.42,14.07,86.7,102.92,0.0,9.21,117.3,257.7,12.0,14.23,156.3
346.03,3.44,0.01,0.3,241.79,11.24,8.58,131.2,320.71,7.54,15.61,131.4,99.14,2.72,14.14,62.5,232.65,11.33,8.92,133.0,1.67,0.0,11.42,162.8,347.08,0.48,13.84,151.1,111.97,0.0,18.46,110.8
346.03,10.0,0.03,0.3,225.7,2.76,12.52,94.2,283.89,2.23,17.71,86.2,44.74,8.87,8.54,142.4,154.25,2.18,14.44,119.1,269.3,10.85,11.07,179.0,226.41,8.6,14.71,175.0,328.8,0.84,14.68,137.9
346.03,2.94,0.02,0.2,210.5,0.0,6.86,122.0,247.94,0.0,10.82,66.8,350.51,0.0,9.57,86.3,75.67,0.0,15.71,154.8,166.11,2.22,15.88,182.1,108.54,0.0,13.82,140.5,187.56,8.28,17.05,149.8
346.03,0.0,0.01,0.4,195.47,4.8,10.4,161.8,213.05,4.61,8.68,79.6,297.42,0.0,18.76,85.9,358.68,11.75,15.28,138.0,66.53,0.0,14.5,127.7,347.17,1.28,13.41,175.2,46.93,1.6,14.57,87.4
346.03,1.08,0.02,0.1,180.18,4.05,7.15,150.7,179.38,6.03,5.38,152.9,241.44,8.69,9.07,179.4,276.42,0.0,18.19,87.7,328.71,11.27,19.05,89.7,226.85,7.12,12.2,184.1,274.92,0.86,16.68,152.6
346.03,4.31,0.03,0.4,165.5,0.0,5.74,129.4,145.2,0.0,8.31,69.3,186.59,4.1,14.48,73.2,200.65,0.39,18.85,161.1,228.69,2.08,16.51,123.9,108.63,0.0,8.17,115.0,134.38,9.59,14.23,144.8
346.03,10.11,0.04,0.3,150.73,3.68,8.5,77.0,111.01,0.15,6.85,75.1,131.66,0.0,7.67,110.1,123.05,10.61,16.57,182.7,129.81,0.14,16.08,178.5,352.09,2.12,15.58,181.4,352.27,1.01,15.06,117.4
346.03,2.38,0.02,0.1,136.41,8.82,10.83,95.3,76.9,9.42,10.78,96.4,76.38,1.14,6.93,149.0,39.99,1.91,17.86,106.2,28.3,11.58,12.67,177.7,231.94,6.22,11.25,190.7,210.94,0.92,15.02,173.4
346.03,0.0,0.03,0.0,120.94,1.9,15.13,46.9,42.8,6.37,18.63,71.7,22.15,10.34,11.03,98.2,323.53,3.25,16.29,150.9,288.28,1.93,8.62,107.1,113.29,0.0,7.3,149.3,70.31,9.3,14.74,151.1
346.03,0.27,0.01,0.2,105.64,0.0,9.47,109.4,8.44,2.35,11.63,104.8,326.34,0.0,9.7,100.1,245.04,7.97,14.44,153.4,191.95,0.26,14.35,126.7,356.75,1.76,16.65,180.8,292.76,0.0,18.51,114.3
346.03,9.17,0.02,0.4,90.18,10.89,7.57,113.1,334.25,0.0,15.42,89.7,270.18,0.26,18.22,75.6,166.2,0.0,11.58,121.6,92.37,11.54,15.11,187.1,236.43,7.88,17.01,190.5,152.75,1.1,15.2,138.5
346.03,7.8,0.04,0.3,74.71,4.32,8.42,79.5,299.18,11.71,7.04,174.5,214.37,12.09,8.65,162.6,87.98,0.76,14.09,142.1,351.3,1.8,17.23,61.1,118.12,0.0,7.69,156.4,10.02,8.84,17.7,172.6
346.03,2.94,0.02,0.3,60.56,0.0,13.52,75.6,262.09,2.0,12.27,80.4,157.41,2.54,18.32,85.0,11.43,9.43,13.33,132.4,254.62,0.4,8.81,180.7,2.02,0.09,18.41,135.0,233.7,0.0,13.95,84.6
346.03,0.0,0.01,0.4,46.05,0.2,10.36,163.0,226.67,0.0,8.36,93.6,102.39,0.0,9.58,163.7,294.79,0.24,12.22,80.1,158.82,11.24,14.9,124.5,250.84,10.41,18.83,166.1,99.67,0.0,17.9,154.8
346.03,0.25,0.02,0.2,30.67,12.17,6.11,63.9,193.45,9.04,8.63,164.8,45.97,4.02,13.45,181.0,218.85,0.25,11.04,108.6,54.67,2.4,18.66,70.3,128.23,0.13,14.97,98.9,321.68,11.81,14.45,141.4
346.03,3.56,0.01,0.3,15.47,5.42,10.15,73.9,158.55,5.03,8.7,137.0,349.72,3.86,8.12,165.5,141.42,9.26,9.7,103.8,321.06,0.0,9.81,157.9,11.51,0.18,17.43,146.9,175.52,0.0,13.48,100.7
346.03,7.67,0.03,0.3,0.7,0.0,9.99,80.5,123.84,0.0,11.0,129.8,294.08,0.0,8.99,46.4,65.57,2.75,10.66,82.8,224.91,10.75,8.91,156.7,255.59,10.58,16.62,169.5,34.89,1.44,15.17,182.9
346.03,2.72,0.02,0.2,347.08,0.02,7.35,77.6,86.84,2.19,15.45,177.9,240.73,1.07,8.47,85.7,351.3,0.0,9.05,96.6,126.3,2.81,14.69,123.6,132.8,0.0,15.64,92.0,257.34,9.59,15.14,151.9
345.94,0.0,0.01,0.0,332.49,5.11,13.02,83.5,51.06,8.24,6.81,129.6,187.91,10.03,9.02,165.8,278.26,2.62,8.54,79.8,24.52,0.0,11.65,113.5,17.14,0.25,16.2,159.4,118.12,0.97,18.42,117.3
346.03,0.24,0.02,0.1,317.2,4.68,14.73,78.0,16.96,2.24,7.89,168.6,131.04,1.99,17.58,64.1,205.49,7.97,9.66,120.9,287.67,7.79,10.24,156.4,260.68,9.85,15.28,179.2,335.65,2.02,13.86,139.1
346.03,3.06,0.02,0.3,301.73,0.0,10.69,89.2,342.33,0.0,5.95,71.8,75.59,0.0,9.22,119.8,130.87,1.62,10.55,93.8,188.35,2.56,15.8,180.8,142.29,1.76,15.12,76.0,194.15,7.32,16.64,144.3
346.03,10.13,0.04,0.3,286.79,3.07,9.78,100.6,309.02,8.42,11.85,114.4,21.27,3.25,7.99,164.1,54.76,0.0,13.8,141.5,88.24,0.0,11.73,120.7,26.54,0.0,14.17,140.1,53.7,0.0,13.71,132.1
345.94,2.25,0.02,0.1,271.32,9.6,7.3,150.1,271.93,3.98,10.08,155.0,327.48,6.36,18.38,95.8,337.24,11.33,16.27,133.3,350.77,8.31,18.22,98.2,270.09,11.41,14.08,137.7,276.68,2.78,15.15,153.8
346.03,0.0,0.01,0.5,255.85,0.0,9.3,86.3,234.93,0.0,15.37,168.2,271.23,0.0,6.02,138.0,255.41,0.66,18.19,87.6,254.27,4.82,10.56,154.6,147.57,1.57,13.11,134.1,136.32,6.82,17.21,179.1
346.03,0.59,0.02,0.1,241.44,0.0,7.86,66.8,198.9,7.67,7.76,87.6,216.04,1.79,19.22,97.2,180.0,0.17,18.73,192.3,154.95,0.0,14.74,174.6,26.89,0.0,16.12,178.1,354.11,0.0,10.09,114.6
346.03,7.9,0.03,0.3,226.67,3.93,14.13,86.0,165.67,4.92,17.64,86.7,161.28,8.86,9.04,177.3,101.87,11.26,15.98,174.8,54.76,5.26,13.24,127.3,270.7,11.52,14.35,191.3,212.43,2.92,17.27,164.5
345.94,8.48,0.03,0.3,211.46,5.06,9.7,101.8,130.52,0.0,10.19,65.9,106.61,1.94,13.69,48.5,18.46,0.0,15.76,89.0,317.2,4.47,18.18,101.2,147.3,0.0,12.32,80.0,72.33,8.01,15.13,134.4
346.03,3.09,0.02,0.2,196.35,0.0,5.81,124.6,95.54,0.42,12.98,64.6,49.92,0.0,11.12,87.4,304.98,0.52,13.44,118.2,216.65,0.0,13.35,104.0,32.34,0.14,16.42,116.6,294.35,0.0,11.17,120.2
346.03,0.0,0.02,-0.2,181.67,2.53,9.0,151.6,61.26,10.92,7.08,74.4,355.61,9.23,5.98,138.2,225.97,10.54,10.17,98.9,117.77,9.9,17.89,142.8,275.8,10.46,15.6,195.5,153.72,2.49,14.13,142.2
346.03,1.1,0.02,0.1,166.73,10.06,7.04,112.4,26.63,4.18,9.52,125.2,299.71,4.76,16.6,86.8,148.01,1.94,9.92,65.2,16.79,4.07,12.28,135.9,152.4,0.0,12.69,99.9,11.51,7.63,17.71,149.5
346.03,7.09,0.01,0.3,151.26,0.0,5.02,99.9,352.79,0.0,11.94,139.1,244.51,0.0,7.76,127.2,74.97,0.0,6.92,96.5,279.32,0.0,9.52,185.3,37.0,0.43,12.83,113.0,235.46,0.0,8.95,144.5
346.03,6.95,0.03,0.3,136.93,0.11,9.09,84.9,315.44,3.97,6.02,87.9,188.96,2.86,17.12,106.4,3.87,0.37,11.6,115.4,184.04,5.94,15.64,104.6,280.55,10.44,15.47,119.8,101.43,2.82,16.48,150.6
346.03,2.48,0.02,0.1,122.17,6.39,15.22,102.0,281.78,6.77,13.54,107.8,132.28,6.22,6.43,142.8,290.92,10.14,12.14,114.6,84.73,5.52,16.01,180.0,157.59,0.0,12.94,98.0,317.9,7.17,14.21,179.6
346.03,0.0,0.02,0.3,106.35,3.86,16.41,87.4,244.6,0.0,5.27,142.5,76.73,0.0,10.26,75.2,208.39,0.0,12.46,106.7,346.9,0.0,9.85,152.8,42.71,0.43,14.69,117.1,176.92,0.0,10.07,123.1
346.03,1.5,0.01,0.1,90.88,0.0,4.82,135.5,209.36,1.98,5.33,83.4,21.97,0.22,16.29,116.3,131.04,2.82,15.7,191.9,249.7,3.08,17.37,101.3,285.64,9.77,14.88,128.4,35.51,3.58,14.84,185.6
346.03,6.94,0.03,0.3,76.03,3.24,8.77,98.9,176.22,9.8,8.07,85.0,326.07,10.34,10.34,170.2,51.15,7.48,16.34,179.8,150.73,5.06,14.85,102.9,166.55,1.66,16.62,122.9,258.75,6.65,15.91,144.9
346.03,8.95,0.03,0.2,62.14,8.78,9.85,103.6,142.38,2.86,6.18,150.8,266.22,0.0,6.49,121.2,333.81,0.0,9.9,127.4,50.27,0.0,9.99,138.1,47.02,0.0,15.87,123.2,119.09,0.0,11.73,130.0
346.03,2.61,0.02,0.1,47.64,4.36,6.88,81.4,107.84,0.0,12.25,77.1,210.32,0.97,17.05,88.1,258.31,0.93,13.25,115.1,316.49,3.46,12.69,144.8,290.74,9.83,14.1,136.8,335.92,3.22,14.7,141.9
346.03,0.0,0.02,0.6,33.13,0.0,15.15,71.5,71.89,2.9,6.06,87.9,155.65,9.79,6.44,143.3,179.3,7.29,8.81,97.4,216.65,8.16,17.01,108.2,171.74,1.54,15.83,101.7,194.15,4.66,14.88,155.5
346.03,0.1,0.03,0.2,18.28,0.0,7.27,143.8,38.85,10.3,9.98,134.3,100.55,2.37,16.53,110.6,107.67,1.94,10.04,57.7,117.69,0.0,8.56,81.1,52.03,0.0,17.8,141.1,54.23,0.0,9.85,111.3
346.03,7.76,0.03,0.3,3.52,2.72,10.3,85.3,2.72,3.48,15.79,162.7,41.66,0.0,11.63,130.6,29.71,0.0,7.78,82.8,23.47,0.0,12.22,90.4,295.49,10.64,15.9,143.7,282.22,3.23,17.48,148.6
346.03,8.72,0.03,0.3,349.45,6.87,15.83,109.3,328.62,0.0,10.13,55.9,344.97,11.5,14.67,93.5,319.83,2.9,11.72,137.5,290.39,9.8,17.23,103.4,172.35,0.0,9.2,96.1,141.33,7.49,13.65,168.7
345.94,3.37,0.03,0.3,333.72,0.0,10.01,67.1,293.47,10.49,7.38,174.4,287.14,2.32,11.38,181.8,240.38,5.11,16.19,164.1,190.37,2.26,18.08,131.5,62.14,0.0,13.54,179.5,0.0,0.94,16.76,105.1
346.03,0.0,0.02,-0.2,318.69,3.16,14.75,110.0,255.85,2.86,13.37,74.3,229.31,0.1,11.74,74.2,162.6,0.0,12.06,140.7,91.32,0.0,12.59,140.6,305.51,12.34,14.51,120.3,228.25,0.42,13.65,136.7
346.03,0.66,0.02,0.2,303.05,6.43,12.75,85.0,221.13,0.0,7.58,93.4,174.46,12.58,10.05,146.0,83.58,5.7,18.64,156.4,353.41,11.04,10.95,191.1,181.67,2.06,18.06,95.0,87.71,10.42,16.67,150.7
346.03,8.6,0.02,0.3,287.84,0.0,7.88,73.9,187.03,3.27,16.07,162.0,114.87,0.0,6.49,109.0,6.94,7.78,16.72,186.3,249.17,2.15,10.37,99.4,67.06,0.0,12.75,194.5,304.72,0.0,13.26,140.1
346.03,6.74,0.03,0.2,272.99,0.09,9.72,153.0,151.17,5.7,12.56,97.8,58.54,0.0,13.87,168.9,293.29,0.0,12.25,146.3,154.69,0.13,13.62,118.5,310.25,11.64,12.7,175.2,163.83,3.41,16.12,151.0
346.03,2.48,0.03,0.3,257.43,11.22,6.69,79.4,116.19,0.0,4.17,118.7,1.23,3.71,15.14,63.8,214.72,1.17,14.87,163.5,53.79,11.64,13.67,176.3,186.68,1.82,18.65,93.5,22.24,8.32,16.62,173.5
346.03,0.0,0.02,0.1,241.7,3.02,9.23,87.7,80.33,0.43,12.35,147.3,310.43,6.34,9.02,123.8,136.49,5.63,14.03,123.6,312.19,2.07,18.6,60.7,72.6,0.0,13.76,194.2,246.18,0.0,15.36,101.5
346.03,0.41,0.02,0.2,227.29,0.0,8.59,68.5,44.65,10.51,13.07,97.7,254.62,0.0,8.93,136.4,57.22,0.0,7.32,64.2,216.3,0.0,10.19,161.0,315.18,11.96,12.19,180.0,105.64,0.54,18.7,158.7
346.03,7.42,0.03,0.3,212.7,3.16,12.65,127.4,8.96,3.11,7.35,156.7,199.07,3.2,10.38,86.5,346.55,0.21,8.32,77.4,116.63,10.04,11.66,135.6,191.43,1.77,19.25,132.2,322.47,6.02,14.18,134.7
346.03,8.77,0.03,0.2,197.31,6.9,15.48,108.0,335.74,0.0,8.55,110.9,144.4,9.79,6.12,184.9,273.6,12.76,8.29,104.6,11.87,1.84,12.12,124.3,72.6,0.0,11.53,146.9,182.11,0.0,11.15,111.0
346.03,2.36,0.02,0.2,181.85,0.0,9.71,85.5,300.85,2.66,16.37,157.6,88.95,2.3,16.19,115.6,194.06,2.74,12.22,90.7,274.83,0.24,15.01,160.7,315.88,11.07,13.13,141.8,40.34,0.73,12.58,138.0
346.03,0.0,0.01,0.1,167.52,0.31,8.79,150.5,263.58,4.52,12.82,63.2,31.99,0.0,12.72,51.7,119.27,0.0,13.54,153.3,174.9,9.66,15.75,145.9,192.04,0.0,11.56,110.4,263.58,7.68,17.01,153.5
346.03,0.17,0.02,0.2,152.4,9.84,6.72,106.8,228.08,0.0,6.43,125.1,338.2,5.95,9.02,135.2,39.73,3.72,17.48,180.1,75.59,1.67,15.77,142.8,73.12,1.4,18.29,156.4,123.75,0.0,13.51,141.1
346.03,5.42,0.01,0.2,137.11,2.48,8.3,80.2,193.27,1.63,6.29,85.8,282.57,4.87,16.17,46.1,322.29,3.29,18.79,162.7,337.5,0.3,14.86,183.5,315.62,9.52,16.47,157.2,340.58,3.52,16.08,146.3
346.03,9.06,0.03,0.2,122.61,0.0,10.81,84.6,160.05,9.0,13.62,111.7,226.67,0.0,6.61,116.1,243.54,0.0,14.98,167.5,236.95,9.33,10.81,149.0,196.61,0.33,15.18,92.5,199.6,5.55,18.59,159.8
346.03,3.38,0.02,0.1,107.4,7.08,13.51,105.1,123.84,0.0,8.37,107.5,171.83,2.28,15.26,168.1,165.15,8.4,13.74,131.9,137.72,1.26,8.64,110.9,83.14,0.02,14.39,147.6,59.41,0.0,10.08,123.4
346.03,0.0,0.01,0.4,91.49,6.03,14.97,136.0,88.07,0.0,11.18,140.3,114.08,5.95,8.03,158.0,86.57,4.01,10.49,101.4,41.04,0.0,16.6,119.4,325.11,10.1,14.7,133.4,281.25,3.78,17.67,168.3
346.03,0.08,0.01,0.2,76.73,0.0,4.01,120.9,52.47,8.79,7.46,78.9,57.74,0.0,7.83,102.2,9.4,0.0,5.46,79.5,303.4,10.75,16.93,159.4,201.27,0.0,14.04,103.1,141.42,5.18,13.98,135.8
346.03,3.14,0.03,0.3,61.88,0.22,9.21,90.1,19.42,6.38,12.44,62.0,3.43,0.0,10.42,160.4,301.99,0.45,10.68,85.1,199.6,0.45,17.87,71.1,83.23,1.55,13.7,183.7,358.86,0.0,11.5,153.6
346.03,9.4,0.03,0.3,47.46,7.13,15.41,111.8,344.88,0.0,5.66,90.6,310.17,11.7,14.98,112.8,225.79,11.17,13.05,127.0,104.5,1.93,9.21,179.1,325.81,8.59,11.7,178.6,217.79,6.18,13.77,186.5
346.03,3.63,0.03,0.2,31.82,4.95,8.18,154.0,310.78,0.24,14.4,164.7,249.7,2.2,16.28,36.7,144.93,0.0,8.4,118.3,6.59,8.0,16.84,166.1,206.19,0.0,11.3,112.8,77.34,4.93,14.63,159.9
346.03,0.0,-0.01,0.1,16.87,0.0,6.24,90.0,274.22,9.09,9.72,106.4,194.15,0.11,8.93,145.1,68.29,0.26,18.19,156.8,273.6,3.39,15.07,144.6,87.89,0.2,15.85,180.6,300.06,0.0,12.43,139.8
346.03,2.11,0.02,0.1,2.55,0.0,9.54,140.2,238.36,2.16,8.43,187.9,139.13,12.54,15.71,161.2,351.74,10.6,16.78,162.8,174.38,0.0,11.03,175.5,331.26,7.73,10.93,190.8,159.43,3.81,14.85,140.0
345.94,5.23,0.01,0.3,348.57,4.7,8.27,92.1,203.38,0.0,6.36,91.5,78.49,2.8,8.14,158.6,269.21,0.0,15.21,134.5,73.83,8.51,11.29,100.2,211.73,0.0,9.28,119.6,16.61,4.64,18.65,171.1
346.03,9.72,0.03,0.3,334.07,7.28,10.56,93.8,169.63,3.88,6.73,64.6,24.08,0.0,5.78,177.2,190.2,1.28,14.75,133.6,336.45,3.13,14.89,99.7,97.38,0.0,12.36,126.3,240.29,0.0,11.47,132.0
346.03,2.87,0.02,0.2,319.13,0.0,5.87,55.1,136.49,6.39,7.21,116.5,330.73,3.34,15.49,101.5,112.32,6.36,10.13,108.0,240.21,0.0,13.1,120.5,340.49,11.46,15.45,124.5,100.63,4.7,18.21,145.1
346.03,0.0,-0.01,0.0,304.63,0.43,14.43,128.9,101.34,0.0,11.64,52.9,272.46,4.36,10.26,165.9,32.78,0.0,6.64,58.9,140.45,5.38,13.06,174.0,216.3,0.0,7.51,114.7,317.46,4.18,13.95,166.1
346.03,0.34,0.02,0.3,288.63,10.52,14.51,77.4,65.21,0.0,8.2,85.0,214.1,0.0,11.67,122.9,321.5,0.0,10.17,101.6,40.17,4.17,11.59,100.5,102.66,0.32,17.0,132.1,177.01,0.0,13.27,150.7
346.03,10.06,0.04,0.3,272.55,1.93,14.25,47.5,32.26,5.79,8.72,188.0,156.88,4.65,13.8,102.6,242.31,10.1,12.15,83.0,303.49,0.0,12.81,97.8,341.02,8.75,16.57,175.4,34.89,5.67,13.9,175.8
346.03,5.78,0.03,0.3,257.08,1.39,13.15,99.7,357.71,5.36,5.11,137.2,99.58,4.0,4.4,106.8,164.36,0.96,11.5,104.7,206.72,2.72,15.73,145.8,220.87,0.0,14.38,123.6,258.31,3.85,15.58,145.3
346.03,2.24,0.01,0.2,241.44,12.2,13.52,129.3,322.12,0.0,10.26,104.4,45.0,0.0,5.13,129.7,85.17,0.01,14.78,171.1,107.67,5.48,11.89,174.7,102.66,1.21,14.52,147.0,118.3,0.0,14.78,181.2
346.03,0.0,0.02,0.2,225.0,1.36,12.69,39.5,285.56,3.39,7.22,53.1,350.68,3.16,11.64,78.4,8.0,12.02,18.43,184.0,6.86,0.0,11.18,96.9,341.54,7.28,13.76,144.8,335.57,11.7,14.23,129.8
346.03,3.07,0.02,0.3,210.06,0.0,14.96,96.1,251.19,7.93,10.52,100.4,294.87,8.98,11.68,57.6,291.97,2.12,16.27,154.5,277.56,2.1,9.95,159.0,221.4,0.0,8.19,153.0,189.14,1.81,16.73,146.7
346.03,10.84,0.03,0.2,195.29,12.03,14.45,93.4,214.54,0.0,5.56,63.2,239.15,1.99,9.02,146.3,212.7,0.26,11.79,118.3,181.49,10.12,15.77,148.3,108.02,1.23,15.91,142.6,48.52,0.0,13.23,176.6
346.03,4.09,0.03,0.2,179.82,2.17,14.14,102.7,180.97,0.0,12.92,131.1,183.87,0.0,15.5,45.6,134.65,10.58,9.78,100.8,78.31,0.0,14.71,69.5,346.29,6.28,13.34,152.1,271.85,11.31,14.74,149.8
346.03,0.0,0.02,0.1,164.27,0.1,12.76,83.1,145.02,9.83,9.98,151.3,128.76,10.52,9.11,125.5,55.11,1.92,9.92,105.2,344.18,0.15,15.12,179.0,226.85,0.0,7.77,120.9,125.51,0.0,16.63,129.9
346.03,0.0,0.03,0.1,149.24,11.56,14.56,101.5,109.78,2.13,6.33,164.8,70.49,3.15,14.3,174.4,341.37,0.0,8.5,131.4,243.11,9.78,11.22,148.0,113.03,2.3,16.38,151.1,343.04,3.84,14.81,139.6
346.03,2.96,0.01,0.2,132.54,0.0,8.36,44.4,74.09,0.0,8.47,96.2,14.06,0.0,11.3,76.2,264.99,7.83,11.88,142.6,144.49,1.77,8.4,101.9,351.74,7.82,15.24,150.5,201.09,7.7,17.19,146.8
346.03,11.86,0.03,0.1,117.69,0.0,14.45,113.1,41.13,3.44,13.63,47.0,320.01,3.16,6.3,176.9,186.15,3.29,18.8,185.1,47.64,0.0,15.77,119.6,231.94,0.0,10.24,114.8,60.82,1.29,15.34,94.2
346.03,4.25,0.03,0.2,102.04,11.88,12.91,76.7,6.24,11.85,7.55,147.7,263.85,5.49,16.16,109.5,107.84,0.0,17.37,162.7,310.17,11.23,16.88,162.0,113.73,3.06,14.14,135.6,289.34,0.41,16.7,156.6
346.03,0.0,0.0,0.2,86.22,2.71,13.55,97.5,332.05,2.51,13.83,134.7,206.1,0.0,6.45,139.3,27.95,10.69,14.46,137.2,206.28,1.46,17.69,62.1,352.09,6.22,13.48,190.4,148.36,8.95,14.36,140.4
346.03,0.0,0.01,0.2,71.46,0.0,7.67,129.8,295.31,0.0,13.36,82.2,151.35,1.31,16.01,43.4,307.71,2.38,10.36,90.8,111.45,0.0,8.84,179.0,232.56,0.0,9.35,153.7,6.15,2.79,18.24,153.3
346.03,3.24,0.02,0.3,56.6,2.6,9.21,81.0,259.63,12.21,8.78,171.3,95.71,10.06,17.82,79.3,231.77,0.0,7.46,82.8,13.01,10.58,16.72,116.0,118.74,2.84,15.67,128.1,235.28,0.0,13.94,148.0
346.03,10.51,0.02,0.4,42.28,11.92,6.7,130.2,223.07,2.16,13.38,85.4,39.11,1.93,7.39,127.5,160.05,4.4,6.85,106.2,272.64,2.22,16.43,108.2,357.36,5.39,14.58,123.0,95.54,11.65,16.94,158.9
346.03,3.23,0.02,0.2,26.63,2.76,9.47,146.5,187.82,0.0,6.74,101.4,344.62,0.0,15.63,137.4,84.2,7.22,12.07,84.0,173.58,0.0,17.83,104.4,237.57,0.0,12.37,171.3,312.71,1.82,14.78,169.4
346.03,0.0,0.0,0.8,11.69,0.0,5.7,79.7,153.37,5.64,9.16,62.3,286.7,11.95,6.53,181.1,9.49,2.66,14.79,147.6,74.18,10.59,8.53,180.9,118.74,6.45,17.03,190.4,171.74,0.19,15.73,142.8
346.03,0.46,0.02,0.2,357.45,0.47,15.2,97.8,119.62,5.33,15.17,96.0,228.69,2.48,15.51,51.9,296.46,0.14,17.06,133.3,335.57,2.08,13.23,150.7,357.45,3.54,11.5,195.2,29.71,9.74,15.04,179.6
346.03,3.56,0.02,0.3,342.16,8.56,14.91,101.7,83.94,0.0,9.38,35.1,173.67,0.0,10.48,172.2,217.62,10.72,15.5,189.7,235.63,0.08,10.83,114.6,237.39,0.0,11.19,156.2,253.39,1.7,15.65,125.4
346.03,10.84,0.03,0.2,326.69,0.0,13.86,56.3,50.71,0.0,15.03,159.2,116.37,11.59,12.05,55.4,136.67,0.0,18.2,110.8,136.49,10.08,13.35,175.4,118.48,7.36,11.7,169.9,113.64,0.33,17.1,161.9
346.03,2.64,0.02,0.2,311.57,0.29,14.35,81.2,14.59,8.15,10.46,122.4,57.92,2.62,8.9,132.1,57.13,0.15,17.23,153.8,31.46,0.0,17.16,80.9,357.63,2.48,13.27,151.9,330.29,9.34,14.51,156.0
346.03,0.0,0.0,0.4,296.28,10.23,8.23,115.6,338.73,2.86,9.55,166.8,3.25,0.0,6.85,140.9,339.96,8.27,13.92,146.1,298.39,0.18,16.1,131.1,238.18,0.0,16.44,148.6,189.49,0.0,15.5,116.6
346.03,0.1,0.02,0.3,280.2,1.78,13.34,81.1,303.31,0.0,5.83,82.9,311.75,1.53,18.07,95.1,261.21,0.0,11.86,79.5,198.11,9.76,13.33,127.1,119.0,11.58,17.43,176.6,49.22,0.34,14.51,166.6
346.03,8.08,0.02,0.3,264.55,0.0,13.72,121.5,269.21,2.79,18.7,76.5,255.94,8.4,10.98,146.1,185.36,0.52,10.92,109.7,98.88,2.4,12.06,164.5,353.41,1.77,16.26,92.0,271.32,8.64,14.98,151.4
346.03,8.5,0.02,0.3,248.38,11.72,16.2,84.8,233.35,7.86,13.08,89.6,198.37,0.0,15.63,61.3,107.93,9.96,10.97,115.4,1.05,0.0,17.23,150.4,238.18,0.33,13.81,148.2,131.4,0.18,16.93,118.0
346.03,3.2,0.02,0.2,232.38,0.92,11.8,58.8,198.37,0.0,6.3,58.6,143.61,3.2,7.53,136.9,27.51,1.3,8.12,74.9,268.77,9.9,16.86,160.9,119.62,9.96,19.17,137.5,348.75,3.65,14.79,142.2
346.03,0.0,0.01,0.1,217.44,0.0,12.68,84.9,164.53,0.0,10.01,117.9,88.42,11.87,11.63,167.1,317.46,0.0,9.43,80.2,168.75,2.88,13.43,155.0,358.42,1.44,17.43,87.3,207.25,6.85,18.55,161.5
346.03,0.08,0.03,0.2,202.32,11.98,13.85,93.1,128.23,10.77,7.18,175.5,29.27,2.42,12.8,89.1,244.07,2.97,7.25,92.0,68.64,0.0,11.08,146.8,242.84,0.0,12.66,135.3,67.06,0.0,14.93,95.6
346.03,2.6,0.02,0.3,186.77,2.72,14.63,83.0,91.32,2.46,8.07,111.9,335.3,0.01,16.61,125.7,171.47,7.63,8.53,132.8,331.61,11.01,12.61,107.7,124.01,9.16,19.02,139.0,295.22,0.19,17.8,170.9
345.94,8.56,0.03,0.3,171.74,0.0,12.98,100.8,56.69,0.0,6.51,67.3,277.38,11.05,7.54,137.2,96.94,2.12,14.73,105.3,226.58,2.16,8.57,165.5,3.16,2.84,16.91,126.9,154.6,8.08,14.2,135.7
346.03,3.09,0.03,0.2,156.18,12.69,11.98,84.6,23.12,3.36,8.2,140.4,219.73,2.02,11.74,58.1,19.42,0.0,15.63,169.5,131.22,0.0,15.19,131.4,252.42,0.0,14.85,190.8,12.48,1.74,16.72,141.0
346.03,0.0,0.01,-0.1,139.92,2.57,11.36,88.1,348.66,9.94,8.67,160.2,164.88,0.0,7.07,178.9,303.22,11.76,14.22,168.0,30.94,8.13,14.21,158.2,133.51,12.61,14.92,185.2,235.99,0.24,14.47,154.6
346.03,0.41,0.02,0.2,124.63,0.0,11.19,73.3,313.33,2.04,14.08,88.0,109.86,11.93,12.53,80.4,221.13,0.0,18.1,91.2,293.03,2.64,12.69,176.9,7.91,2.54,16.49,138.5,96.15,11.05,17.99,142.4
346.03,5.92,0.02,0.3,109.25,7.58,12.24,91.0,277.82,0.0,13.29,159.0,51.06,3.63,6.88,127.0,146.78,0.38,18.6,165.9,193.1,0.0,8.76,183.6,257.43,0.0,14.48,141.3,313.07,0.0,12.93,128.8
346.03,8.99,0.04,0.2,94.04,6.29,9.43,145.9,240.29,11.27,8.55,104.3,357.19,0.0,13.47,81.2,67.41,11.88,17.25,173.8,97.47,3.74,17.69,102.5,138.08,11.79,12.98,145.0,172.18,2.62,15.25,154.9
346.03,2.46,0.01,0.2,79.45,1.4,7.6,69.0,203.99,2.04,16.02,53.6,301.2,3.04,13.31,127.3,347.08,1.71,14.98,89.9,0.0,6.18,8.48,168.1,12.66,2.56,15.15,124.3,30.06,8.68,17.5,167.6
346.03,0.0,0.02,-0.2,65.21,0.0,12.4,102.8,168.93,0.0,8.75,98.3,243.54,4.83,12.91,82.2,270.88,0.27,12.17,115.7,270.53,0.0,12.97,71.2,257.08,0.26,14.35,123.8,253.92,0.26,15.32,105.4
346.03,0.89,0.02,0.1,49.39,7.13,14.47,97.4,135.26,9.97,6.31,154.6,188.26,0.0,4.46,105.9,192.48,9.67,9.61,115.3,175.25,0.4,13.97,164.9,138.87,10.05,15.59,126.2,114.26,3.87,17.66,155.0
346.03,11.96,0.03,0.3,34.19,7.77,8.26,141.5,99.84,6.73,9.75,154.0,133.42,0.74,16.39,81.6,116.89,2.22,8.22,54.3,75.76,10.77,16.82,123.4,13.36,1.67,14.82,121.8,330.73,6.64,13.48,154.1
346.03,5.81,0.01,0.1,19.25,0.0,9.63,53.5,65.21,0.56,13.07,87.8,77.52,9.16,13.54,66.9,43.68,0.0,8.81,73.6,333.63,0.0,5.42,119.5,257.17,0.77,15.46,188.6,189.93,0.0,10.25,112.5
345.94,2.04,0.02,0.1,4.75,0.0,7.64,146.5,30.67,0.0,15.5,185.0,23.38,2.5,8.55,105.0,333.28,1.13,7.93,122.9,237.48,1.42,16.35,120.5,138.87,7.72,12.83,177.6,49.48,0.51,13.26,183.3
346.03,0.0,0.0,0.1,350.77,1.23,6.64,153.6,354.55,11.16,12.74,89.7,329.5,0.0,8.25,153.8,256.64,8.7,10.17,125.4,138.34,8.8,16.77,108.2,18.37,1.25,15.48,81.0,272.11,6.39,16.42,151.7
345.94,1.15,0.01,0.2,335.83,6.79,8.65,106.6,317.99,2.16,15.31,92.1,273.52,4.74,18.94,98.6,178.33,0.0,17.09,137.2,37.44,2.04,11.74,108.2,266.4,0.05,14.39,131.4,132.28,0.0,11.45,119.8
346.03,10.77,0.03,0.2,320.71,0.0,4.86,45.3,281.95,0.0,11.48,142.7,218.14,5.05,8.85,172.1,99.67,0.57,17.33,181.0,300.06,2.68,8.52,172.1,148.18,11.16,13.79,126.7,349.72,2.49,15.74,136.7
346.03,4.21,0.03,0.3,305.86,0.0,10.92,92.2,244.95,11.51,17.46,139.9,162.95,0.0,11.53,82.9,23.47,10.72,18.42,183.7,204.08,10.12,16.29,112.6,23.47,0.09,16.87,75.0,207.77,6.49,17.02,157.2
346.03,0.0,0.02,0.1,290.3,11.18,15.22,74.6,206.19,0.0,4.65,88.2,107.75,3.22,9.89,163.6,303.31,0.0,15.95,124.3,101.34,0.0,15.52,95.0,271.67,0.14,15.25,144.8,67.5,0.0,9.96,100.0
346.03,0.0,0.03,0.2,274.31,2.18,10.77,90.0,172.88,0.0,7.39,170.9,51.59,9.9,12.41,192.3,224.65,3.06,16.76,166.3,3.34,0.0,11.57,129.0,153.11,10.4,15.52,142.9,296.02,1.74,18.56,161.0
346.03,2.25,0.02,0.2,258.75,0.0,11.21,83.9,138.08,7.74,7.04,79.7,355.25,0.6,8.75,69.2,146.69,6.5,14.63,157.5,270.79,11.45,12.15,91.4,28.04,0.0,17.77,85.7,154.86,7.48,13.89,149.6
346.03,11.4,0.03,0.4,243.63,5.83,12.39,91.5,104.06,4.53,16.17,66.7,301.9,0.0,6.44,181.7,67.68,0.0,10.03,92.3,171.3,2.41,15.82,125.6,276.77,0.62,16.46,124.3,12.92,0.0,12.09,97.7
346.03,4.22,0.02,0.2,228.52,5.34,9.85,119.4,67.94,0.0,8.36,78.8,246.27,5.34,18.47,92.7,353.23,0.59,9.73,93.4,70.58,0.0,13.83,138.6,157.76,10.52,18.03,162.0,241.61,2.28,14.07,134.9
346.03,0.0,0.01,0.2,213.4,0.0,6.21,132.7,34.63,0.0,13.09,157.1,191.34,3.56,10.12,162.8,280.28,11.21,8.3,105.5,333.19,11.1,13.7,168.5,32.78,1.86,19.37,106.7,101.43,8.78,16.42,149.8
346.03,0.0,0.02,0.2,198.54,1.7,8.62,110.0,358.59,10.7,14.62,158.1,134.65,0.0,4.57,97.2,201.45,2.12,10.36,74.8,229.22,1.32,18.87,127.1,276.24,3.76,13.18,174.9,318.43,0.0,13.54,121.9
346.03,2.65,0.02,0.3,183.43,8.63,7.71,74.7,320.19,0.0,8.37,113.8,81.65,0.7,10.15,120.1,127.0,0.0,10.87,117.2,130.34,0.64,15.27,136.7,158.03,7.93,16.1,150.4,177.54,2.37,15.63,153.5
346.03,9.61,0.03,0.3,169.1,1.36,9.87,57.2,284.5,0.21,12.54,100.1,24.87,8.03,16.09,158.1,46.85,4.77,13.62,139.6,29.18,10.68,14.94,128.3,37.79,1.54,18.32,101.0,35.77,8.32,14.19,170.9
346.03,4.27,0.01,0.3,154.6,0.0,11.39,127.3,247.15,10.67,4.79,82.6,328.8,0.0,6.71,86.7,330.64,3.0,16.36,120.4,288.63,0.0,7.06,141.7,280.9,1.07,16.89,158.0,259.1,0.0,14.15,117.2
346.03,0.0,0.01,0.1,138.78,11.92,13.93,103.6,211.64,1.87,7.52,99.8,275.36,0.0,11.79,117.8,250.75,0.0,13.5,182.8,191.95,1.56,16.89,100.7,162.33,8.09,18.22,130.4,119.09,2.18,17.86,174.8
346.03,0.0,0.02,0.3,122.52,2.11,13.35,44.3,177.98,0.0,10.78,81.2,217.53,11.1,6.0,176.1,172.79,11.86,19.17,186.3,93.16,10.39,15.32,131.4,42.89,0.96,13.98,112.6,336.09,6.29,15.16,138.7
346.03,2.8,0.01,0.2,107.75,0.07,13.06,100.1,143.26,3.58,6.7,74.6,160.93,0.51,9.68,43.9,91.23,2.53,18.3,167.4,350.95,0.0,13.58,99.6,285.82,1.36,11.37,144.4,195.38,0.0,10.47,121.9
346.03,11.42,0.03,0.3,91.85,12.04,14.67,107.8,108.98,7.55,10.65,99.2,108.19,0.0,5.8,117.4,14.59,0.0,15.64,157.9,254.36,2.67,12.92,186.2,166.64,8.95,12.47,137.6,54.58,2.09,14.05,150.2
346.03,2.83,0.02,0.1,75.59,2.71,14.89,87.5,73.3,0.0,6.2,101.7,52.03,2.76,10.94,139.8,297.51,12.59,15.14,160.6,155.48,8.3,10.01,162.4,47.2,0.0,12.82,119.2,278.0,7.53,17.38,147.6
346.03,0.0,0.02,0.1,60.73,0.0,7.62,140.2,38.58,0.0,8.81,85.0,355.96,3.9,6.85,131.4,216.3,1.89,14.43,100.1,54.49,1.81,16.09,88.2,290.21,1.27,11.63,184.1,137.37,0.0,10.18,145.1
346.03,0.0,0.02,0.1,45.7,1.56,8.03,74.8,5.27,0.78,9.94,111.0,300.23,0.0,13.02,111.5,138.16,0.22,13.22,127.1,321.15,0.0,13.8,144.1,171.04,9.08,13.66,157.8,355.17,2.98,15.68,148.6
346.03,2.83,0.03,0.2,31.46,12.28,10.75,108.5,332.4,8.16,15.91,71.3,241.79,2.94,7.79,175.5,58.89,9.86,13.04,111.0,220.52,9.64,15.75,172.3,51.5,1.92,15.69,87.3,213.49,5.45,18.21,167.7
346.03,10.33,0.05,0.3,15.12,2.28,13.48,63.6,296.54,1.66,8.9,74.8,186.94,6.48,17.97,82.1,341.81,1.76,9.24,89.2,121.73,1.6,12.34,156.0,299.62,0.38,11.38,135.9,72.77,0.0,10.12,120.2
346.03,3.05,0.02,0.1,0.44,0.0,7.04,71.7,262.09,0.0,13.6,147.5,132.1,0.0,5.21,135.3,269.38,0.0,9.08,97.7,19.78,0.0,11.76,182.7,180.7,9.81,12.34,160.4,295.66,3.9,18.28,173.4
346.03,0.0,0.02,0.1,347.34,0.86,10.83,90.8,225.26,11.28,10.06,148.1,76.46,0.48,14.57,183.5,196.26,4.25,10.07,73.1,282.66,9.29,15.34,156.8,61.61,2.46,17.71,154.0,155.21,4.98,14.49,137.3
346.03,0.39,0.02,0.2,331.88,9.1,14.3,73.7,187.21,0.44,8.21,95.2,19.78,11.04,14.09,106.7,121.64,5.6,10.04,72.7,183.16,1.08,12.45,75.6,303.93,1.35,19.21,152.0,12.57,0.0,10.89,143.0
346.03,2.91,0.02,0.4,316.67,0.0,12.96,54.3,153.54,0.0,6.49,97.6,321.86,0.08,17.77,60.9,45.35,0.0,8.2,59.5,88.15,0.0,12.23,157.9,184.83,10.07,13.56,176.1,236.51,4.42,14.34,140.4
346.03,8.76,0.03,0.3,301.2,0.66,13.75,92.3,119.88,3.09,10.68,116.4,266.31,0.9,12.35,164.8,334.69,0.0,10.11,104.9,349.37,11.28,10.55,189.4,60.82,1.48,16.77,85.9,97.03,6.26,16.58,152.0
346.03,3.2,0.02,0.2,285.73,12.4,10.06,97.4,82.35,5.02,16.04,83.5,208.83,8.81,6.08,113.7,256.03,10.89,10.76,77.4,245.21,0.0,17.82,89.2,309.02,0.14,16.08,132.1,318.16,0.0,8.91,96.4
345.94,0.0,0.01,0.6,269.82,2.62,14.57,91.8,47.72,0.0,14.85,45.8,154.16,2.11,15.12,51.4,177.28,2.01,8.03,109.7,150.38,0.06,9.45,150.2,189.49,9.07,17.23,151.5,188.09,0.3,18.38,152.9
346.03,0.46,0.02,0.2,254.18,0.0,14.8,118.3,12.92,0.0,7.28,83.3,98.88,0.0,12.18,72.8,102.74,0.0,7.83,71.1,52.73,8.45,15.94,121.1,69.87,2.07,13.85,194.6,47.72,9.14,14.23,132.7
346.03,3.01,0.01,0.2,238.54,12.34,16.48,119.3,339.61,9.95,16.24,69.2,44.82,2.76,6.6,129.1,28.65,5.32,11.13,79.6,315.7,3.16,12.05,178.2,312.98,0.06,12.81,130.9,270.7,0.83,16.44,113.5
346.03,10.75,0.04,0.3,222.01,1.7,11.83,49.3,304.1,4.09,10.61,125.3,350.77,6.82,15.89,93.8,315.44,6.09,11.08,78.2,215.68,0.0,11.98,185.8,193.89,10.98,11.63,160.9,130.43,0.49,13.45,187.1
346.03,2.56,0.02,0.1,206.81,0.0,13.07,76.0,266.84,0.0,13.92,158.4,295.4,0.0,7.2,140.7,239.68,0.0,7.61,85.5,116.19,11.5,9.48,156.1,70.05,0.0,16.94,102.5,347.87,8.73,14.29,155.1
346.03,0.0,0.01,0.3,191.87,12.25,13.2,96.1,230.1,4.8,15.52,130.9,239.68,0.72,19.36,98.1,167.7,0.0,9.76,87.4,15.03,3.07,16.27,133.3,313.07,2.87,13.49,172.5,206.02,0.0,12.16,113.5
345.94,0.31,0.02,0.2,176.22,2.23,12.13,99.6,193.01,2.78,15.6,80.2,185.1,9.29,8.8,109.7,95.98,4.67,13.24,108.6,278.26,0.0,12.47,121.8,193.1,8.4,12.85,120.4,66.27,0.68,15.21,150.4
346.03,6.25,0.03,0.3,161.72,0.0,13.68,100.2,158.29,0.0,6.61,158.7,130.34,2.11,14.37,41.0,18.37,5.42,13.77,132.9,178.51,11.21,18.57,142.9,74.09,1.78,16.69,123.5,288.98,8.28,18.75,159.6
346.03,9.16,0.02,0.3,146.07,11.45,12.41,88.8,122.78,2.62,9.83,66.1,74.53,0.0,8.71,85.7,302.08,0.0,8.91,101.0,74.97,2.33,15.05,161.8,317.11,1.06,11.73,185.6,148.36,0.0,14.12,95.3
346.03,3.36,0.02,0.1,130.52,2.2,12.58,99.3,88.59,8.97,5.99,165.1,22.41,2.59,15.45,95.5,226.76,2.77,13.43,104.9,337.85,0.0,12.74,179.1,197.49,8.52,13.84,170.0,11.34,0.24,18.41,181.7
346.03,0.0,0.02,0.6,115.31,0.0,13.5,77.4,53.79,2.24,9.79,118.4,328.89,8.7,6.28,183.5,148.89,5.4,10.37,133.5,237.04,10.72,12.91,172.2,78.31,1.7,14.85,87.4,235.37,9.26,14.73,137.8
346.03,0.09,0.02,0.2,99.76,4.05,8.28,139.6,19.51,0.0,11.32,159.4,273.34,1.97,15.47,50.3,70.58,0.0,6.41,80.0,134.3,0.0,9.37,136.3,326.16,0.0,18.05,142.9,95.8,2.32,17.48,133.2
346.03,3.78,0.02,0.3,84.81,7.08,9.68,90.9,343.13,3.94,15.51,107.7,217.79,0.3,6.68,132.8,0.0,0.0,11.35,118.8,37.44,0.06,15.72,147.0,206.37,9.34,13.26,173.6,317.37,0.38,15.07,135.2
346.03,9.31,0.03,0.2,70.49,2.4,14.0,140.6,306.21,2.96,13.99,63.1,163.21,12.09,16.14,130.2,286.61,11.5,11.36,82.3,300.23,10.56,14.27,126.3,87.54,2.2,17.8,165.9,176.84,8.86,15.76,154.8
346.03,3.46,0.02,0.2,55.2,0.0,5.73,135.9,270.53,0.0,7.57,154.3,103.62,0.99,13.49,42.4,208.3,2.2,7.85,106.2,196.26,0.0,16.28,93.3,330.29,0.0,16.08,135.0,35.33,2.12,14.2,135.8
346.03,0.0,0.01,0.7,40.25,3.58,7.44,86.0,234.67,2.76,9.6,86.9,46.93,0.05,12.9,82.7,133.51,0.0,6.45,68.6,101.16,2.4,14.28,171.4,210.41,11.09,12.7,146.2,258.13,0.12,15.21,160.4
346.03,0.06,0.03,0.1,26.54,9.17,15.33,109.0,200.39,7.39,8.39,64.7,352.97,10.04,7.37,139.4,60.73,3.36,10.66,76.8,0.0,11.75,15.11,158.1,87.01,0.0,19.11,90.5,118.83,8.73,16.53,174.9
346.03,2.5,0.02,0.3,10.9,2.31,8.16,62.8,167.08,1.93,14.32,93.0,295.31,2.55,11.8,108.6,347.34,7.5,10.32,74.8,263.06,1.88,18.53,55.2,333.9,0.05,13.14,174.0,335.65,0.0,15.24,94.8
346.03,10.34,0.03,0.2,356.75,0.0,8.33,110.2,131.84,0.0,12.1,144.7,237.13,0.0,13.39,54.1,270.97,0.0,10.23,75.5,167.34,0.22,9.86,163.7,213.93,10.22,13.45,181.3,199.34,0.47,15.71,168.8
346.03,2.49,0.01,0.1,341.28,8.56,7.44,67.2,94.48,10.86,7.11,63.2,181.85,11.3,8.09,108.3,195.91,0.55,10.07,96.1,70.93,9.45,15.84,93.4,91.32,0.0,15.43,114.5,58.54,12.11,15.45,148.7
346.03,0.0,0.01,0.4,326.69,7.33,13.45,84.0,60.12,4.56,11.21,95.8,125.07,2.51,17.97,57.1,121.29,10.86,7.49,94.9,337.68,4.23,13.23,157.9,333.63,1.07,11.92,183.6,276.15,0.0,18.16,102.3
346.03,0.06,0.02,0.2,311.4,0.0,11.24,70.6,25.4,0.0,4.84,94.0,68.91,0.0,9.79,100.1,44.65,3.75,10.05,95.2,237.04,0.0,8.73,182.4,213.93,8.74,13.1,193.5,135.97,1.29,14.06,136.0
346.03,5.2,0.02,0.3,296.1,3.1,14.75,120.8,351.83,0.26,6.75,93.0,14.68,2.74,11.64,142.8,331.7,0.0,7.79,94.0,142.29,6.55,15.65,96.8,95.1,1.81,17.18,109.1,353.5,8.34,17.23,133.1
346.03,9.22,0.03,0.3,280.2,8.44,16.36,124.2,318.08,12.48,12.82,113.5,318.69,6.45,11.95,79.8,258.49,2.5,10.03,73.9,45.0,7.06,10.41,157.0,338.2,3.68,13.27,149.6,211.29,0.0,10.85,127.2
346.03,3.43,0.03,0.2,264.81,0.0,9.59,78.7,279.4,2.05,17.66,65.2,262.88,0.0,4.86,90.5,182.99,7.73,10.1,74.6,308.41,0.0,9.92,102.0,218.23,7.79,16.13,128.2,71.37,1.29,15.06,159.1
346.03,0.0,0.01,0.4,250.05,0.38,7.35,148.0,243.11,0.0,9.74,99.2,209.27,0.07,11.28,127.5,108.72,1.28,10.15,65.8,212.52,2.7,12.63,137.8,99.58,1.48,15.18,83.4,294.52,7.98,16.38,187.3
345.94,0.02,0.01,0.1,234.76,11.29,8.55,75.4,209.18,5.14,11.4,139.3,152.58,9.82,6.88,132.3,31.73,0.0,9.85,73.3,113.47,6.86,17.44,182.7,347.17,0.0,18.81,151.4,154.07,0.0,11.14,114.5
345.94,3.19,0.02,0.3,219.38,3.03,9.63,92.7,172.62,3.44,5.82,160.8,97.38,2.67,11.23,159.7,321.33,4.74,7.82,99.1,11.6,0.0,12.45,84.9,226.67,9.7,15.72,161.5,11.16,1.5,17.15,178.7
346.03,9.52,0.02,0.3,204.79,0.0,11.8,75.7,137.37,0.0,10.82,89.0,41.4,0.0,16.23,67.0,248.47,7.07,9.79,98.7,279.32,0.2,16.12,109.9,108.19,0.75,18.7,91.0,235.28,7.54,14.86,138.5
346.03,3.71,0.01,0.2,190.02,3.39,14.55,121.0,102.04,3.28,14.06,157.5,347.08,4.64,7.69,153.6,176.57,2.01,6.7,52.1,179.38,8.06,17.86,141.6,350.95,0.06,13.06,124.0,95.45,0.0,18.27,111.2
346.03,0.0,0.0,0.1,174.81,5.64,14.5,96.7,64.42,5.66,15.03,81.8,291.18,5.01,17.8,136.5,104.68,0.0,6.3,100.6,79.01,1.73,8.72,142.6,230.98,10.44,11.59,159.6,317.46,1.12,14.71,135.9
346.03,0.0,0.01,0.1,160.05,0.0,4.52,95.4,29.62,0.0,10.44,67.8,232.91,0.0,8.17,121.9,27.77,2.92,9.83,100.5,345.85,0.0,16.12,138.5,108.11,0.0,10.09,105.6,176.4,8.8,18.68,151.0
346.03,3.62,0.01,0.2,145.9,0.34,9.69,96.9,354.64,0.28,17.48,171.4,178.15,2.92,17.38,58.5,314.56,6.73,9.62,99.7,245.57,10.97,17.25,109.0,345.76,1.49,16.74,151.6,34.89,0.0,13.81,89.3
346.03,11.63,0.03,0.3,131.57,11.81,10.87,79.0,318.16,11.06,12.02,104.9,122.78,6.56,9.57,128.3,241.96,0.0,7.24,42.8,142.21,0.0,9.28,80.7,225.88,7.06,19.25,149.2,262.88,0.84,18.24,176.6
346.03,2.9,0.02,0.2,115.4,2.39,11.66,60.3,278.88,0.0,4.81,132.7,67.15,0.78,7.83,103.9,169.63,0.0,7.26,98.0,49.22,0.0,10.6,96.7,107.58,0.0,11.07,140.8,123.22,10.2,14.5,152.4
345.94,0.0,0.02,0.5,100.28,0.0,12.16,77.0,243.63,1.41,12.71,113.8,12.66,0.0,9.93,126.3,97.91,2.89,8.1,73.6,315.79,7.32,17.43,101.6,345.76,3.19,16.28,159.1,335.21,0.0,12.6,120.6
346.03,0.0,0.02,0.3,84.81,6.62,9.28,136.8,206.37,8.54,6.16,83.3,318.78,5.26,16.4,70.3,27.25,9.29,9.78,79.4,215.51,3.57,16.12,126.6,225.44,4.72,15.92,138.0,193.62,1.88,18.38,188.5
346.03,5.09,0.02,0.3,69.87,7.89,9.81,90.2,172.97,2.68,9.06,70.0,262.88,3.42,9.89,161.5,317.02,2.85,6.97,97.4,116.81,0.0,13.47,164.7,106.61,0.0,12.62,125.6,53.17,7.97,15.67,153.4
346.03,9.6,0.03,0.4,55.72,2.46,12.35,104.7,138.96,0.0,6.87,125.5,207.16,0.0,12.52,125.9,244.07,0.0,6.69,94.3,14.94,8.14,10.91,103.8,344.71,4.01,19.14,151.9,276.59,0.0,11.59,140.8
346.03,3.9,0.02,0.3,40.52,0.0,10.21,143.1,103.36,6.19,16.49,55.8,150.82,4.58,9.83,154.5,172.27,2.93,9.71,77.5,278.0,3.12,14.79,160.0,224.82,3.34,15.47,165.2,136.14,3.16,15.93,136.5
346.03,0.0,0.01,-0.9,25.05,6.91,7.18,131.2,67.32,7.72,14.18,142.0,95.19,6.58,16.49,143.2,100.2,9.97,8.18,97.8,178.86,0.0,16.24,119.1,106.17,0.0,16.94,121.9,353.5,5.88,16.84,159.4
346.03,0.32,0.02,0.1,10.2,6.69,9.54,80.2,31.46,0.0,3.85,119.7,38.67,0.0,4.28,61.5,26.54,4.53,8.53,82.6,79.1,8.96,14.01,169.9,344.71,10.72,17.67,167.7,211.55,0.0,10.27,118.4
346.03,6.16,0.01,0.3,356.13,1.18,14.72,62.5,356.31,0.73,17.05,76.1,346.9,0.0,7.98,165.7,317.02,0.0,5.98,87.6,341.28,3.08,9.7,185.0,219.81,2.29,15.57,90.6,71.28,1.92,16.08,156.7
346.03,7.46,0.03,0.2,340.84,2.02,16.29,128.6,321.15,10.18,12.57,123.0,291.36,11.7,13.17,63.6,243.54,2.53,10.73,92.5,245.04,0.0,12.52,134.7,105.82,0.0,15.16,140.5,294.08,5.4,14.22,170.7
346.03,2.66,0.03,0.2,325.11,10.01,14.33,128.8,282.22,0.0,8.21,57.2,232.82,2.37,8.55,161.1,169.1,10.42,11.6,126.8,145.99,9.99,17.75,113.6,344.18,10.97,16.87,147.7,152.84,0.0,11.78,122.5
346.03,0.0,0.01,0.2,308.76,0.0,6.95,56.4,247.68,0.38,9.98,126.5,177.98,0.0,15.76,80.2,87.8,1.99,11.89,78.7,45.97,4.08,9.83,163.5,219.64,0.78,10.92,88.8,10.9,2.01,15.31,173.0
346.03,0.28,0.01,0.2,294.43,2.41,14.49,118.2,212.61,12.33,17.33,62.3,122.61,5.17,9.27,156.3,14.41,0.0,12.3,144.2,312.98,0.0,11.85,115.6,104.77,0.02,18.26,175.4,234.93,6.55,15.47,143.5
346.03,3.57,0.03,0.2,278.53,9.72,15.04,106.5,175.87,2.18,14.63,67.8,67.15,5.28,11.36,174.7,298.3,12.69,15.5,138.1,212.78,2.8,11.18,155.9,343.65,9.18,15.87,166.2,94.75,0.0,11.51,161.4
346.03,9.83,0.03,0.2,262.53,0.0,15.79,72.5,140.71,0.1,13.72,175.3,10.46,0.0,9.81,82.0,216.56,1.89,14.21,90.6,114.35,3.61,14.2,157.3,223.68,0.0,15.46,88.6,317.37,2.13,15.19,141.6
346.03,2.82,0.02,0.1,247.15,0.16,11.24,113.5,104.15,11.66,10.39,142.2,319.04,1.06,16.06,105.1,142.29,0.0,14.24,152.1,13.18,0.0,13.43,91.1,109.78,0.11,13.17,142.4,176.57,6.17,17.67,146.5
346.03,0.0,0.0,-0.3,231.24,9.13,14.46,116.1,64.95,2.27,15.84,84.7,260.86,9.68,11.77,116.4,62.84,11.97,15.92,151.7,280.37,2.81,10.31,159.9,347.78,10.16,11.91,130.6,34.54,0.0,10.65,107.0
346.03,0.42,0.01,0.2,215.42,0.0,13.66,56.9,30.59,0.0,15.03,122.7,203.47,0.0,7.49,98.7,343.48,1.91,16.67,165.8,181.05,6.67,10.56,166.9,223.33,0.0,8.78,121.0,257.87,2.55,16.0,153.5
346.03,9.75,0.03,0.3,200.57,0.22,8.55,103.8,354.38,11.92,13.7,48.1,150.73,0.06,10.35,168.3,264.55,1.13,17.99,164.6,81.21,0.0,11.66,94.4,108.63,0.87,18.55,172.3,118.48,5.72,13.65,143.2
346.03,8.18,0.03,0.3,185.98,11.67,8.97,138.1,317.37,2.89,17.24,69.0,93.16,11.72,17.98,87.0,186.06,9.69,17.62,178.3,348.05,3.07,10.99,174.1,347.7,8.61,16.67,139.0,335.13,0.0,10.78,132.9
346.03,3.03,0.02,0.2,170.77,1.84,9.66,131.7,281.34,0.0,10.33,126.1,36.39,3.07,9.35,162.3,108.72,0.0,13.54,97.8,247.68,7.89,11.51,146.2,227.9,0.0,12.36,121.1,193.89,3.19,14.66,179.1
346.03,0.0,0.01,0.3,155.92,0.0,8.85,117.9,243.98,7.25,16.43,175.1,342.6,0.0,15.34,83.0,31.99,0.0,16.49,181.4,148.45,0.0,14.37,85.8,108.98,2.83,19.32,125.9,53.35,5.28,15.4,163.9
346.03,1.0,0.01,0.2,140.8,11.02,7.83,93.9,207.33,2.44,10.77,96.8,286.61,3.25,10.35,148.5,315.26,11.65,17.89,179.7,52.29,0.29,9.41,182.5,347.52,6.07,18.44,136.7,275.89,0.0,14.08,141.0
345.94,3.34,0.02,0.4,125.68,4.23,10.16,72.8,172.09,0.0,5.72,160.3,228.16,5.22,16.81,79.6,233.7,0.0,17.55,118.2,318.69,10.81,16.14,140.5,227.37,0.0,12.53,133.6,136.14,3.54,14.75,136.7
346.03,8.39,0.04,0.3,110.39,0.0,7.59,81.5,137.37,3.7,14.02,90.8,173.06,0.0,5.75,126.0,155.83,2.06,16.92,161.0,214.89,0.69,15.76,83.8,108.19,3.69,15.0,126.9,353.41,4.91,18.42,141.6
346.03,3.06,0.03,0.2,95.54,0.47,7.16,161.2,101.87,5.6,15.23,153.9,118.74,2.73,16.0,133.9,77.08,8.88,16.17,155.2,119.71,1.26,17.64,143.2,347.34,4.41,17.99,147.3,211.2,0.0,12.37,150.6
346.03,0.0,0.01,0.1,80.77,11.2,11.74,89.8,64.34,0.0,12.23,81.0,60.12,8.03,13.11,126.7,0.0,2.56,16.7,151.5,18.46,10.4,8.46,166.9,226.67,0.0,17.09,120.3,71.19,5.69,17.29,148.4
346.03,0.94,0.02,0.2,65.92,2.83,8.7,77.3,28.92,0.59,10.81,70.4,3.43,1.54,8.23,111.5,287.14,0.17,14.65,153.9,282.3,2.02,13.0,89.9,107.4,5.56,15.39,159.5,294.26,4.56,13.37,184.1
346.03,3.28,0.02,0.3,52.12,0.0,5.21,62.6,354.9,11.05,16.77,188.6,312.01,0.02,17.74,142.3,208.65,10.92,15.21,148.3,185.63,0.0,14.22,113.6,346.55,3.84,13.01,113.3,153.02,0.0,12.75,147.7
346.03,10.35,0.05,0.3,37.71,0.0,15.96,98.3,316.05,0.0,6.92,92.9,253.83,11.23,10.6,144.7,127.44,0.0,14.63,117.9,87.1,11.57,9.81,164.3,225.79,0.0,16.68,139.6,11.16,5.74,15.57,180.8
346.03,2.34,0.01,0.0,22.85,11.48,11.37,160.1,281.95,0.9,5.17,165.8,194.24,0.6,6.52,137.1,49.04,0.31,13.97,141.9,349.01,2.48,11.36,133.0,107.23,12.46,15.81,177.7,235.02,4.2,14.35,145.8
346.03,0.0,0.02,0.2,6.77,4.04,7.08,72.1,246.09,12.12,15.6,100.3,139.39,0.46,15.33,85.5,331.52,8.61,14.44,141.4,249.08,0.0,18.31,98.5,340.75,2.04,17.29,105.7,95.01,0.0,12.92,163.3
346.03,0.55,0.01,0.1,353.41,0.0,6.47,60.8,207.69,1.67,15.26,100.0,83.76,12.7,13.01,68.7,252.86,0.0,14.08,88.3,154.42,9.38,10.59,161.0,220.34,0.17,18.88,171.7,317.81,6.9,15.32,138.4
346.03,7.37,0.02,0.3,338.73,0.46,14.46,102.2,171.3,0.78,8.32,103.7,27.51,3.52,11.08,142.8,177.71,0.93,13.71,138.2,54.14,2.93,16.17,109.4,101.51,8.44,15.04,143.5,177.36,3.76,16.28,151.8
346.03,8.75,0.04,0.3,322.91,8.63,15.88,107.3,136.32,9.43,7.64,146.7,331.35,0.0,12.18,122.5,99.84,11.42,13.2,132.8,316.49,0.0,16.23,147.7,340.22,0.0,17.52,95.8,34.98,0.0,11.05,133.2
346.03,3.22,0.03,0.1,307.0,0.0,16.29,55.6,100.55,2.33,15.9,99.1,273.52,12.52,14.89,88.3,19.78,1.56,12.4,97.2,216.74,10.5,15.13,151.6,224.3,0.5,11.84,130.7,258.66,3.04,17.85,146.7
346.03,0.0,0.01,-0.1,291.97,0.39,7.0,117.6,64.78,0.0,10.24,72.8,215.24,2.43,12.19,178.6,306.39,0.0,12.09,117.0,114.7,2.22,12.06,101.2,105.91,9.83,12.67,141.5,119.0,3.34,14.75,174.7
346.03,3.0,0.02,0.2,276.77,10.43,10.26,139.9,29.53,3.69,16.11,81.9,158.73,0.0,8.91,157.8,227.81,11.76,11.66,115.7,12.22,0.0,8.55,166.0,344.36,0.0,15.8,122.3,335.3,0.0,12.64,145.8
345.94,7.61,0.02,0.3,260.6,0.0,11.34,57.4,355.08,6.9,7.45,102.0,103.36,8.19,11.64,82.9,147.13,1.24,10.89,78.5,280.46,11.19,16.25,124.3,223.33,0.84,13.52,180.5,194.24,10.03,17.26,168.7
345.94,6.93,0.03,0.3,245.21,1.42,11.46,101.4,319.39,0.0,8.88,49.0,47.02,4.34,15.85,97.3,71.28,0.08,9.9,107.6,177.01,2.12,18.8,57.0,104.94,8.08,11.44,154.5,48.25,3.12,15.61,147.5
346.03,2.61,0.02,0.2,229.39,10.42,11.22,104.9,284.77,0.35,16.64,85.8,352.44,0.0,4.54,81.6,357.28,11.43,9.7,106.2,81.04,0.0,9.16,160.4,343.74,0.0,8.88,127.4,270.88,0.01,18.24,157.5
346.03,0.0,-0.01,0.1,212.96,0.0,6.23,62.9,248.82,11.74,8.67,99.4,298.92,2.53,9.33,167.0,278.35,2.64,10.65,108.8,347.61,8.26,16.22,111.2,227.46,2.18,14.67,135.8,131.31,11.48,13.92,147.5
345.94,2.78,0.02,0.3,198.81,0.54,8.5,148.2,213.66,3.14,7.38,52.3,243.46,9.27,16.87,63.3,199.86,0.19,10.63,94.4,246.97,3.21,14.49,120.9,109.25,7.4,14.69,128.1,342.33,1.56,14.65,103.5
346.03,11.01,0.03,0.4,183.87,11.97,7.02,137.0,179.91,0.0,12.54,76.2,188.26,2.13,9.2,115.4,125.24,12.01,10.37,89.7,148.1,0.0,11.9,131.7,347.52,0.0,10.32,137.5,201.27,0.65,17.36,170.6
346.03,5.25,0.03,0.3,168.66,2.19,8.36,84.0,144.93,3.28,11.82,62.2,133.24,0.0,15.92,63.8,45.26,3.45,10.19,107.5,47.55,9.22,9.28,160.9,226.85,3.24,14.54,148.8,61.08,9.35,15.11,138.7
346.03,0.0,0.02,0.1,154.42,0.0,8.83,90.4,109.78,7.0,8.72,73.7,77.78,2.96,17.94,92.6,329.59,0.0,8.69,92.1,313.51,4.32,15.9,103.3,108.02,5.5,16.46,122.5,283.27,0.8,18.58,116.8
346.03,0.0,0.02,0.1,140.01,4.05,14.91,76.3,74.88,2.71,15.25,103.2,23.2,6.47,11.47,76.2,256.29,2.7,10.12,121.5,213.93,0.0,11.08,118.1,346.38,0.0,13.34,90.8,143.09,0.77,14.52,151.0
346.03,2.82,0.02,0.3,124.72,7.38,10.3,112.4,39.11,0.0,8.21,173.7,329.33,0.0,7.94,114.0,178.59,5.06,12.93,109.6,114.52,6.31,12.8,135.3,230.45,2.08,15.95,151.5,1.14,12.01,18.71,168.2
346.03,10.85,0.04,0.3,109.07,0.0,8.61,75.0,4.22,2.71,17.19,133.1,273.96,0.74,15.76,82.9,100.11,0.0,7.7,112.7,13.54,3.84,9.09,154.9,111.36,5.04,14.73,161.7,224.56,0.0,13.51,90.5
346.03,3.8,0.03,0.3,94.39,0.25,8.37,82.6,329.59,6.14,8.41,46.6,218.14,9.18,11.9,187.6,23.73,1.66,14.24,123.7,280.46,0.0,11.52,102.0,350.24,0.0,12.14,128.8,89.82,0.0,18.3,156.1
346.03,0.0,0.01,0.0,80.16,3.4,11.26,105.2,295.84,0.0,9.99,51.6,161.63,0.36,10.21,55.2,307.79,5.96,13.04,131.6,181.05,2.75,13.49,124.0,229.31,3.03,16.96,144.9,313.15,11.76,14.12,153.1
345.94,0.0,0.02,0.2,64.86,4.33,11.91,153.6,261.3,0.16,11.98,104.0,106.17,0.07,11.73,109.2,228.69,0.0,9.26,114.2,81.21,5.16,13.06,177.9,110.48,4.81,19.15,151.7,166.99,1.73,14.39,101.7
346.03,2.59,0.02,0.2,49.39,0.0,4.75,70.7,224.21,10.92,8.32,69.9,47.9,12.35,14.91,86.7,154.25,1.2,13.84,138.5,343.74,0.0,8.77,110.0,349.37,0.0,13.31,156.7,25.05,0.73,15.86,186.7
346.03,10.72,0.03,0.3,35.68,0.27,13.66,88.0,189.23,2.59,13.01,110.0,351.21,2.19,19.28,99.4,75.32,7.92,13.65,132.7,247.5,2.81,14.64,123.0,228.08,8.01,18.71,127.7,248.29,9.74,15.96,149.2
345.94,2.65,0.02,0.1,20.48,8.21,9.16,139.6,152.67,0.3,17.5,85.5,295.49,0.0,8.71,113.3,359.03,0.0,8.74,116.4,148.18,6.44,9.94,163.3,109.6,3.12,17.86,176.9,107.93,1.61,18.52,110.2
346.03,0.0,0.02,0.0,5.89,7.02,11.01,79.7,117.77,12.83,9.53,102.0,239.85,9.59,15.44,68.2,282.3,2.02,12.67,126.1,52.38,0.0,14.99,71.8,347.96,0.0,14.6,132.5,325.2,0.6,14.87,145.9
346.03,0.0,0.02,0.2,351.91,0.0,13.5,67.9,80.33,3.09,8.54,65.8,185.19,3.47,7.13,147.9,204.35,9.03,14.46,128.5,318.16,0.35,13.95,166.3,227.29,11.18,16.76,118.9,184.48,7.76,16.58,138.3
346.03,4.47,0.02,0.3,336.71,0.26,9.71,88.6,47.37,0.0,5.19,86.0,130.17,0.0,12.95,125.9,126.3,0.0,8.68,93.7,218.58,9.47,12.22,175.2,104.59,1.05,15.05,116.2,43.33,0.97,13.58,93.5
346.03,9.18,0.03,0.3,322.29,11.6,8.31,78.1,13.71,0.04,6.5,128.6,72.42,3.68,5.16,163.3,53.17,0.0,15.24,143.9,119.62,1.17,15.45,96.7,342.6,2.04,13.43,136.2,271.67,0.17,16.27,159.4
346.03,3.65,0.02,0.1,307.27,3.33,9.73,89.7,339.87,10.85,16.9,149.6,17.75,9.33,7.68,163.6,336.53,11.86,15.02,151.1,22.59,0.0,12.52,145.8,222.36,9.1,16.29,144.9,131.92,9.06,14.46,163.5
346.03,0.0,0.01,0.4,292.94,0.0,9.41,69.7,301.11,2.11,12.3,87.9,324.58,0.3,15.86,28.6,255.06,1.85,15.05,99.4,285.73,10.74,12.2,120.2,103.62,0.0,9.24,109.6,348.49,0.0,14.46,100.7
346.03,0.0,0.02,0.2,278.17,3.1,8.89,146.8,265.61,0.24,16.82,78.5,268.68,0.07,8.51,137.0,179.56,0.22,14.51,144.6,182.29,0.06,9.98,112.4,346.29,0.53,18.6,128.2,207.25,1.01,17.29,177.2
346.03,3.0,0.03,0.3,262.79,9.55,7.28,104.2,229.39,12.82,12.97,83.7,213.75,11.95,16.61,52.6,101.69,10.52,14.63,161.6,86.92,0.05,12.31,156.4,226.49,9.03,18.55,152.9,67.06,10.45,14.75,154.9
346.03,9.82,0.04,0.3,247.41,2.06,8.54,50.2,193.18,2.55,17.58,156.2,156.8,2.86,9.82,108.4,18.54,1.78,15.77,93.0,349.72,10.19,10.21,188.5,108.02,0.0,15.83,101.8,284.06,0.0,18.92,117.7
346.03,3.92,0.03,0.2,232.73,0.0,13.86,97.0,156.88,0.92,6.73,80.7,102.04,0.0,9.64,66.3,305.6,0.0,15.06,135.9,245.13,0.0,14.86,103.3,345.94,2.64,17.95,148.4,143.88,1.76,13.9,134.6
345.94,0.0,0.02,-0.1,217.71,7.48,15.14,101.3,123.13,10.1,18.79,70.6,48.08,3.22,14.66,117.4,226.85,9.68,13.6,133.5,146.07,3.17,10.95,190.8,226.14,6.64,19.4,142.7,1.49,10.11,18.51,159.7
346.03,1.04,0.02,0.1,202.06,3.54,14.3,110.5,86.22,5.0,12.14,133.5,351.74,6.74,16.27,81.8,148.71,1.41,12.54,93.8,45.35,8.17,17.83,104.0,107.05,0.0,11.04,139.2,224.82,0.0,11.29,115.3
346.03,3.73,0.02,0.3,186.77,0.0,11.3,76.8,49.92,0.0,3.68,78.3,296.02,0.0,5.5,123.5,73.74,0.0,11.83,127.3,308.76,0.0,17.15,78.1,345.41,3.87,13.18,128.7,84.9,1.57,16.86,150.3
346.03,10.09,0.03,0.3,172.18,9.97,13.56,98.3,16.7,1.46,9.94,111.2,240.21,1.16,18.66,83.3,355.61,11.05,10.91,109.5,212.08,0.2,12.64,141.0,224.82,4.82,17.85,130.6,307.71,8.09,13.76,157.5
346.03,2.25,0.02,0.1,157.41,4.86,12.0,127.2,341.98,11.11,6.91,163.5,185.45,9.51,9.59,166.5,274.57,0.21,11.85,60.8,113.55,9.42,11.77,184.9,106.17,0.0,13.4,154.2,166.55,0.0,10.4,112.1
346.03,0.0,0.07,0.3,141.5,0.0,10.37,103.2,305.68,2.28,11.24,78.7,130.52,2.08,16.89,37.2,198.46,0.01,11.17,87.7,12.39,1.33,16.46,94.4,344.71,5.14,15.65,127.0,24.7,1.82,13.55,181.4
346.03,0.32,0.02,0.2,125.86,6.09,13.04,101.5,269.65,0.27,17.27,79.6,74.79,0.0,9.93,99.7,124.01,12.77,10.89,97.5,279.93,0.0,13.11,160.6,224.38,4.31,11.77,148.4,248.73,7.62,15.69,146.3
346.03,8.54,0.03,0.3,110.04,3.02,14.68,114.5,234.14,11.67,13.1,86.5,23.03,2.5,13.64,95.2,43.95,2.78,7.31,93.9,180.09,10.69,14.11,169.9,105.82,0.0,18.27,136.7,108.63,0.0,11.51,138.9
346.03,8.16,0.03,0.3,94.04,0.0,10.08,126.2,197.67,2.65,17.52,154.4,329.41,8.6,5.02,190.5,333.9,0.0,7.7,60.5,76.46,2.17,16.31,86.3,343.92,11.74,17.49,145.5,325.2,2.04,15.82,130.6
346.03,3.03,0.02,0.1,79.1,2.83,8.3,137.3,161.1,0.0,6.26,81.7,273.52,0.0,9.45,53.8,260.6,3.04,7.98,74.3,343.83,0.03,12.8,187.0,219.64,2.31,17.94,87.1,183.6,7.03,17.48,161.3
346.03,0.0,0.04,-0.1,64.6,8.86,10.3,94.2,127.97,7.62,18.44,77.3,220.17,0.0,10.17,62.9,188.35,10.09,10.59,108.9,242.93,10.36,10.98,174.4,105.82,0.0,12.92,119.8,42.89,0.0,9.53,105.0
345.94,2.94,0.02,0.2,49.75,2.1,14.04,95.4,92.2,6.19,5.77,133.2,165.67,11.41,11.5,81.2,107.4,0.0,6.55,63.3,140.27,0.0,12.76,128.7,343.83,10.7,17.82,148.9,271.58,2.51,18.4,160.6
346.03,9.08,0.03,0.2,34.54,0.0,6.39,138.7,57.66,0.36,6.92,47.2,108.72,2.47,8.43,157.2,33.66,0.0,9.43,97.5,39.46,0.11,16.25,125.0,219.02,0.12,13.81,91.5,131.75,8.24,14.24,149.0
346.03,6.36,0.03,0.4,19.51,2.11,9.32,78.9,24.43,0.0,9.54,86.9,52.29,0.0,11.19,167.5,323.26,2.3,13.79,139.8,302.34,8.31,15.97,94.4,105.12,0.11,16.33,165.7,348.57,0.0,15.11,95.6
346.03,2.46,0.02,0.1,5.54,12.0,9.93,140.5,351.21,4.25,16.48,82.7,356.13,4.67,7.89,165.5,244.16,3.97,14.46,113.5,206.02,1.78,15.48,155.4,343.3,10.76,14.71,130.1,212.7,3.48,13.87,163.8
346.03,0.0,-0.04,0.1,350.68,2.09,7.43,132.7,315.88,7.16,8.78,117.9,300.5,5.37,15.23,43.1,166.2,0.0,9.98,131.8,107.14,0.28,11.17,187.1,218.94,0.0,8.03,122.1,72.51,9.48,15.45,154.3
346.03,3.0,0.01,0.3,335.57,0.0,8.61,146.8,279.84,0.0,7.06,48.3,244.86,0.0,6.02,116.7,90.7,3.38,15.57,153.5,5.63,9.63,12.99,129.7,104.77,1.18,18.26,169.7,295.31,1.41,13.71,128.9
346.03,12.03,0.03,0.3,320.98,11.08,7.6,70.6,246.01,0.72,11.82,106.0,189.76,1.44,16.73,127.4,13.89,9.28,16.39,159.6,273.34,2.31,18.17,173.7,342.33,8.15,14.78,123.0,155.13,3.88,14.45,151.3
346.03,4.63,0.03,0.2,305.77,3.91,9.19,75.7,208.92,9.66,5.11,164.6,133.24,6.72,10.08,111.4,298.21,0.0,9.19,94.0,173.5,0.0,14.04,155.2,222.54,0.0,11.03,106.1,12.3,9.03,16.26,173.7
346.03,0.55,0.02,0.1,291.27,0.0,8.95,81.9,174.29,2.42,14.39,51.6,74.79,0.0,14.29,43.6,224.74,0.18,14.12,166.3,73.56,10.66,15.37,114.9,103.45,1.61,19.14,142.6,235.9,0.37,15.23,102.3
346.03,0.0,0.02,0.2,276.42,1.28,6.97,152.5,139.22,0.08,6.84,171.2,21.18,0.25,6.49,118.1,147.39,10.38,16.96,175.9,332.75,0.59,14.39,100.4,341.89,6.36,15.48,163.5,96.33,0.12,16.34,161.5
346.03,2.97,0.02,0.2,260.95,10.46,8.51,108.1,104.06,10.26,11.52,93.2,327.39,12.0,15.76,139.7,65.65,0.0,17.16,95.1,232.12,1.66,11.76,118.6,221.84,0.0,8.29,116.6,317.72,8.62,15.0,147.6
346.03,10.3,0.04,0.3,245.04,1.65,6.67,50.7,66.36,4.13,14.18,157.1,267.28,1.11,13.1,45.3,351.12,0.64,18.82,182.4,133.33,8.78,17.67,128.6,107.05,2.61,17.12,183.2,177.01,0.0,18.23,99.8
346.03,3.25,0.02,0.2,230.36,0.0,10.57,73.8,30.23,0.0,7.66,89.1,211.64,0.34,8.09,90.0,272.29,9.88,18.56,166.1,32.08,2.05,9.17,116.6,345.76,5.67,12.28,168.1,41.31,0.0,15.17,139.7
346.03,0.0,0.0,0.1,215.51,11.55,10.81,88.8,357.1,1.19,6.51,151.4,159.17,10.97,7.32,134.4,193.54,1.55,16.7,92.4,299.88,0.16,11.64,133.5,225.62,0.0,11.85,101.3,264.38,11.28,17.65,165.5
346.03,0.0,0.02,0.1,200.13,2.8,12.08,102.9,321.86,8.44,18.61,76.6,101.34,2.62,13.19,83.8,118.56,0.28,14.97,158.2,199.34,9.94,17.05,109.6,106.08,2.89,11.6,184.5,119.36,0.0,12.68,107.7
345.94,2.86,0.03,0.3,184.83,0.0,12.11,71.2,285.73,1.69,13.4,95.4,45.62,0.0,9.46,118.6,39.29,11.68,14.18,143.7,100.37,1.86,17.66,64.1,344.53,5.61,14.62,151.3,337.24,0.79,15.84,159.1
346.03,10.98,0.03,0.3,169.89,5.14,14.32,105.3,250.31,0.53,14.35,97.6,351.47,4.53,14.98,146.3,319.31,1.18,13.34,92.2,3.52,0.0,14.06,89.2,224.56,0.0,12.53,116.1,195.29,8.03,17.14,181.8
346.03,3.36,0.01,0.2,154.34,2.78,10.54,83.4,214.72,11.14,13.38,47.6,293.12,4.92,6.58,120.1,243.63,0.0,12.42,135.7,273.43,5.8,13.45,153.9,104.85,5.3,14.7,132.3,55.46,1.37,14.79,106.1
346.03,0.0,0.01,0.2,139.13,0.0,12.72,109.3,178.15,2.28,16.28,63.6,237.13,0.0,9.41,80.5,164.79,9.05,12.59,103.0,174.64,4.16,12.11,128.1,343.56,3.65,16.3,131.2,278.0,0.91,17.28,174.7
346.03,0.05,0.02,0.1,123.31,6.62,14.84,85.1,143.61,0.0,13.02,152.2,184.57,3.26,17.82,62.8,87.1,2.04,11.97,96.5,75.32,0.0,14.12,86.9,223.68,0.0,9.74,118.4,137.29,7.52,14.92,137.3
346.03,2.96,0.02,0.2,108.54,5.47,8.09,110.1,106.7,11.47,8.48,146.3,129.46,10.07,10.19,141.5,13.01,0.0,7.98,83.2,341.46,2.69,10.75,159.6,109.07,7.57,13.87,178.8,354.64,0.0,10.41,125.8
346.03,9.4,0.03,0.3,93.25,0.0,5.21,85.1,69.43,2.49,6.12,146.9,69.26,0.99,15.74,72.8,302.61,2.97,8.29,104.4,241.0,5.5,10.82,110.2,347.52,3.33,18.1,132.8,213.4,1.13,13.02,166.9
346.03,3.65,0.03,0.2,79.1,0.0,14.46,80.9,34.63,0.0,6.56,79.1,14.77,0.0,9.91,135.0,227.11,7.04,8.45,106.6,142.56,0.0,12.15,80.2,227.2,0.0,15.31,171.6,72.77,7.36,15.37,149.6
346.03,0.0,0.02,-0.1,64.34,3.86,8.41,143.0,1.49,0.33,13.02,108.4,321.33,11.67,16.94,166.2,152.31,0.0,7.85,59.9,45.7,2.9,9.15,173.2,108.19,9.36,18.81,159.3,295.49,0.0,9.9,138.9
346.03,1.6,0.02,0.2,49.48,6.05,9.61,92.7,327.39,9.9,8.4,186.1,260.68,2.12,11.95,163.7,79.72,0.0,7.44,86.0,312.54,8.2,16.59,116.8,346.9,2.35,15.47,134.7,160.49,1.42,15.58,151.5
346.03,5.27,0.02,0.4,35.07,2.32,11.54,156.4,291.62,2.32,7.86,67.3,203.12,0.12,6.91,146.3,9.49,3.39,7.81,92.5,212.17,0.0,17.43,95.6,226.23,0.0,17.93,151.1,18.46,8.86,13.62,186.5
346.03,9.4,0.03,0.3,19.69,0.0,6.63,148.7,257.26,0.0,5.91,62.4,148.45,11.61,10.74,138.5,302.61,11.41,10.64,94.5,117.42,0.3,10.6,151.2,106.96,11.05,18.76,146.2,242.14,0.0,15.69,92.3
346.03,2.91,0.02,0.2,4.83,2.83,9.84,86.3,223.33,3.16,8.87,113.6,88.07,1.93,8.29,130.2,222.89,2.24,8.3,45.6,16.44,11.42,14.48,121.0,340.93,1.44,16.06,99.8,107.31,0.85,17.03,176.4
346.03,0.0,0.01,0.1,351.56,8.32,12.92,122.5,188.09,6.94,16.81,70.2,33.75,0.0,8.1,150.4,152.05,0.0,7.8,95.8,275.54,0.0,14.06,66.3,225.97,1.56,18.92,129.6,324.4,10.05,15.14,140.2
346.03,0.0,0.01,0.2,336.09,0.0,10.7,77.9,153.81,0.0,11.97,83.8,339.96,4.83,17.91,78.9,78.93,2.57,8.66,108.7,180.79,0.47,12.73,142.7,106.52,9.36,17.67,133.0,178.24,0.0,12.25,116.5
346.03,6.16,0.02,0.3,320.71,0.47,9.54,139.9,118.3,1.13,18.12,92.1,283.8,4.88,11.7,137.8,5.27,11.64,7.9,86.8,81.47,10.81,18.19,90.3,344.79,0.89,16.98,84.6,36.74,2.16,14.46,135.7
346.03,9.21,0.04,0.2,305.51,9.85,6.94,138.8,82.35,12.35,12.11,115.4,225.53,0.0,10.55,69.4,295.05,2.36,9.83,85.6,343.3,2.24,15.55,77.3,229.57,0.53,15.08,160.8,259.8,7.64,15.99,146.2
346.03,3.78,0.02,0.2,290.21,2.55,7.66,86.9,45.18,2.29,8.75,60.4,170.95,3.02,7.4,131.2,222.45,0.0,5.87,87.4,247.68,0.03,12.18,149.8,110.65,9.05,12.3,182.7,120.41,0.0,9.6,142.5
346.03,0.0,0.01,-0.3,275.54,0.0,8.86,84.4,11.87,0.0,8.92,69.2,115.49,7.95,16.62,83.1,150.82,1.03,9.59,98.4,148.62,10.34,14.71,96.2,349.28,0.0,12.1,119.3,342.6,1.96,15.02,147.3
346.03,0.34,0.01,0.3,260.77,2.79,15.64,110.6,338.99,3.07,15.17,69.6,59.77,0.0,13.36,43.9,78.49,11.1,7.96,95.9,48.25,2.66,15.16,125.7,228.87,2.9,13.71,163.0,200.83,7.3,15.2,177.1
346.03,6.46,0.02,0.4,244.86,5.51,16.79,119.9,303.49,9.14,8.5,96.5,5.1,0.0,15.15,80.8,4.92,5.37,8.28,106.9,311.31,0.19,10.04,191.2,110.04,6.76,14.12,191.9,60.21,0.0,16.17,100.3
346.03,7.52,0.03,0.3,229.39,0.0,9.88,99.7,269.21,2.66,14.22,148.7,313.95,3.77,9.24,176.2,295.22,0.0,5.22,73.0,210.94,9.9,10.41,147.4,348.13,0.0,8.22,134.0,283.54,2.53,13.51,185.1
346.03,2.7,0.02,0.2,214.98,0.66,7.57,146.6,231.86,0.3,10.16,144.6,257.78,4.77,18.49,111.3,221.84,0.63,8.86,111.9,112.68,1.81,17.06,107.6,232.29,1.71,16.01,166.7,142.29,6.93,15.81,144.6
345.94,0.0,0.02,0.0,199.69,8.44,8.45,77.8,195.29,10.96,15.58,83.4,200.21,0.0,5.36,144.7,147.13,10.64,8.44,108.1,11.51,0.0,9.97,162.8,113.55,8.26,13.31,135.8,0.0,1.89,13.89,153.4
346.03,0.3,0.01,0.2,185.27,2.75,10.71,78.4,159.43,1.78,15.55,81.8,145.55,2.62,15.95,93.9,68.82,2.62,7.78,72.2,279.23,11.26,11.87,131.0,352.35,0.0,9.64,81.9,229.31,0.35,14.3,152.3
346.03,3.76,0.02,0.3,170.42,0.0,14.6,79.9,123.93,0.06,13.38,157.7,90.18,9.9,16.14,65.4,357.8,0.0,8.37,104.3,175.87,1.5,14.82,77.6,241.44,0.27,19.13,135.3,88.24,11.43,13.79,172.5
346.03,7.78,0.03,0.3,155.74,10.73,15.12,125.3,86.66,11.99,18.49,76.7,35.33,2.38,7.28,88.0,281.16,5.47,8.75,113.3,80.42,0.0,8.81,162.2,122.7,9.18,17.02,167.3,305.6,0.0,13.75,83.6
346.03,2.6,0.03,0.1,139.66,2.54,9.26,81.2,50.89,3.22,12.08,97.0,343.92,0.0,8.14,61.4,205.58,6.14,9.46,119.3,346.99,6.84,17.06,108.1,1.05,2.89,14.03,144.7,170.86,1.18,18.0,167.5
346.03,0.0,0.0,0.0,125.42,0.0,6.35,104.9,15.91,0.0,10.59,154.4,289.78,1.14,6.11,167.5,131.31,0.0,6.41,77.0,246.8,2.73,17.37,158.2,249.61,0.0,16.43,122.4,28.65,11.05,15.39,149.2
346.03,0.34,0.02,0.1,110.3,2.86,8.91,139.9,339.61,7.08,9.14,77.7,234.05,6.8,16.33,115.1,57.39,0.18,13.62,115.0,147.83,0.0,12.78,167.8,130.52,10.85,14.88,121.4,246.8,1.08,18.73,90.4
346.03,3.34,0.02,0.3,95.01,7.35,7.7,69.9,305.95,7.6,14.7,71.0,176.84,0.0,5.72,101.0,340.66,10.9,12.36,143.1,47.9,8.1,18.55,106.4,4.66,2.7,15.85,145.8,112.68,1.99,13.77,143.5
346.03,9.75,0.04,0.3,80.86,2.85,10.2,118.3,269.82,0.0,7.93,70.8,121.82,2.64,16.01,42.8,258.93,0.0,11.21,88.3,309.99,3.27,17.11,97.2,253.74,0.0,17.27,156.3,329.33,8.94,17.55,152.9
346.03,2.74,0.03,0.2,65.04,0.0,6.51,133.7,235.55,0.0,12.65,129.3,65.39,12.0,18.19,78.0,183.69,0.14,12.01,115.8,214.19,0.0,10.93,138.2,134.38,10.17,14.29,153.2,187.73,0.0,13.4,111.6
346.03,0.0,0.01,0.4,49.92,4.89,8.58,82.0,198.9,10.04,9.14,173.4,8.7,3.3,10.92,83.0,105.91,8.98,12.1,160.8,115.75,9.17,12.28,118.0,8.26,2.64,15.17,163.4,47.11,2.38,16.74,146.0
346.03,0.0,0.01,0.2,35.86,10.32,12.74,140.3,162.42,1.9,12.76,76.3,317.64,0.0,9.77,161.2,25.75,2.04,12.53,164.2,13.97,4.48,18.1,97.5,257.43,0.0,12.33,103.1,269.3,8.49,13.8,174.3
346.03,3.32,0.02,0.2,19.95,1.11,13.9,66.8,127.35,0.02,6.42,90.7,261.56,3.14,18.47,74.9,309.99,0.68,16.77,167.0,281.16,0.0,7.59,137.8,137.99,10.54,12.92,150.6,129.2,0.0,15.58,98.2
346.03,10.03,0.03,0.4,5.98,0.0,7.77,72.0,92.99,4.14,10.2,141.7,206.28,5.74,11.46,160.3,230.27,10.28,16.11,145.3,185.89,2.28,17.66,111.3,12.39,1.87,13.78,182.7,352.79,0.16,13.91,184.1
346.03,3.0,0.03,0.1,352.53,3.24,12.84,94.1,57.13,5.66,4.71,157.0,149.5,0.0,9.07,59.2,150.12,0.0,10.73,125.7,86.31,7.51,9.99,162.2,255.67,0.32,12.05,180.0,210.5,8.12,16.15,146.5
345.94,0.0,0.02,-0.2,337.06,7.14,14.72,95.6,22.24,0.0,7.66,48.9,96.06,0.4,18.77,107.0,70.58,2.02,18.47,157.0,352.97,0.24,15.89,106.2,136.76,9.51,13.01,179.2,70.31,1.76,17.67,164.3
346.03,1.1,0.0,0.2,321.86,0.0,7.81,89.5,349.19,0.0,10.67,124.7,39.9,11.6,9.24,177.6,353.67,8.59,16.1,182.3,252.25,3.11,17.69,123.4,15.47,1.5,16.14,108.6,293.12,0.24,15.22,137.8
346.03,7.62,0.03,0.2,307.0,0.89,8.91,101.7,312.1,10.64,6.98,165.1,343.65,1.92,10.9,97.2,274.83,0.0,15.62,145.0,153.81,7.06,17.71,155.8,258.93,1.59,13.95,121.0,152.4,9.36,18.85,157.4
346.03,6.77,0.03,0.3,291.8,12.56,8.71,72.3,275.01,1.88,11.0,66.8,287.49,0.0,7.73,168.7,196.17,1.63,17.32,161.8,53.44,0.0,11.53,113.6,140.36,9.66,14.16,147.3,10.37,1.3,14.38,106.6
346.03,2.41,0.02,0.3,276.5,3.08,12.92,84.3,239.06,0.0,8.18,69.9,231.5,10.7,17.66,97.0,118.04,5.98,15.26,160.2,316.14,3.24,17.51,114.3,19.42,2.19,18.07,86.2,234.32,0.38,18.01,157.1
346.03,0.0,0.01,0.2,261.3,0.0,11.05,96.3,205.14,10.9,14.23,109.9,174.46,2.5,7.18,183.4,38.85,0.0,9.64,121.7,216.65,6.6,17.98,112.5,267.63,0.0,18.94,143.6,93.78,10.61,14.85,144.6
346.03,2.51,0.01,0.2,246.45,3.52,14.42,119.6,167.52,2.48,16.79,83.6,119.27,0.0,12.47,94.6,325.11,0.42,13.12,134.8,117.77,0.0,8.64,140.7,148.36,10.5,15.91,164.9,310.34,0.26,16.8,98.2
345.94,7.74,0.02,0.3,230.8,4.34,16.19,90.3,132.01,0.0,7.83,137.6,63.37,3.06,13.74,147.7,245.83,8.02,12.35,116.1,19.95,0.35,18.48,87.7,22.94,1.92,12.37,79.9,175.17,0.46,13.31,162.4
346.03,8.54,0.03,0.3,215.6,0.0,4.95,126.3,96.94,2.68,13.8,158.0,6.59,9.27,6.3,143.5,168.05,0.0,6.06,93.3,288.02,9.5,9.25,163.3,271.41,0.0,16.38,165.2,33.13,10.22,15.37,151.1
346.03,2.56,0.02,0.1,200.39,3.84,8.21,147.3,60.82,6.0,14.81,93.4,315.09,0.0,15.28,95.9,95.36,0.0,7.49,88.2,191.78,2.29,14.47,119.3,152.14,10.71,12.95,157.3,251.1,0.0,14.33,140.7
346.03,0.0,-0.01,-0.2,185.45,7.51,8.54,79.0,25.84,0.0,9.99,75.9,259.19,0.44,8.84,84.8,24.87,2.85,9.54,72.4,92.55,0.0,9.16,159.8,26.72,1.92,16.52,118.5,111.36,3.28,14.8,143.3
346.03,2.97,0.02,0.2,171.39,2.23,13.15,54.2,352.71,0.0,6.93,75.7,205.84,7.73,10.67,139.4,314.21,8.55,7.47,98.1,0.0,3.08,10.16,159.9,270.35,0.16,16.72,178.1,327.83,6.52,18.37,180.6
346.03,12.04,0.03,0.4,156.71,0.71,14.33,99.4,318.87,10.21,12.28,107.8,148.8,2.33,15.89,85.0,240.82,2.47,11.77,101.3,266.4,5.14,13.67,166.5,150.56,9.76,13.08,133.3,187.29,0.0,8.61,105.4
346.03,3.23,0.03,0.2,141.86,12.44,11.69,143.0,280.11,2.63,16.96,71.8,93.6,0.0,10.34,43.3,163.21,1.22,10.93,105.1,166.99,0.0,9.71,89.7,30.15,1.7,15.36,142.8,51.33,0.24,17.75,173.9
346.03,0.0,-0.02,-0.1,125.95,2.04,13.0,50.7,244.42,0.0,10.74,108.9,39.29,3.36,7.74,135.6,84.64,11.32,16.46,131.5,75.5,0.17,12.68,175.7,274.13,1.04,15.25,143.9,274.31,9.44,14.75,136.5
346.03,0.45,0.02,0.2,110.65,0.0,10.88,95.9,207.25,9.71,16.63,168.3,344.88,9.92,9.27,156.1,4.04,2.83,18.07,186.4,337.68,9.72,17.33,132.8,153.81,10.03,17.29,136.7,134.3,0.0,12.58,96.6
346.03,12.17,0.04,0.3,95.1,10.69,9.23,129.4,171.21,2.37,11.07,124.8,289.16,0.02,9.84,48.2,290.74,0.0,14.36,183.0,238.01,0.0,14.55,73.5,28.83,1.4,19.19,87.1,357.1,0.31,14.25,144.8
346.03,5.54,0.03,0.2,79.63,4.42,7.72,76.7,134.03,0.11,15.8,82.6,235.11,0.0,10.91,83.3,211.99,11.93,17.46,166.0,142.47,0.37,10.0,188.0,277.65,0.46,16.9,154.7,215.24,9.04,17.96,145.0
345.94,1.87,0.02,0.1,65.3,0.36,10.53,76.6,98.96,5.17,18.53,166.0,180.18,5.79,12.52,110.0,131.04,1.06,14.17,92.9,41.57,10.98,15.64,144.1,158.12,9.08,15.55,187.7,75.32,0.54,14.04,84.1
346.03,0.0,0.02,0.2,50.54,0.2,7.62,108.2,62.75,5.2,10.66,115.5,122.96,2.67,7.24,129.8,54.67,0.0,11.08,120.7,301.55,0.0,15.89,76.8,38.06,2.12,16.61,106.8,302.7,0.01,17.18,170.5
346.03,0.67,0.02,0.2,35.95,8.13,10.44,86.1,26.28,0.0,10.3,69.2,67.5,0.0,9.17,144.2,337.68,11.68,10.83,111.0,204.87,0.71,17.34,152.9,281.69,2.65,11.71,182.9,162.33,10.3,14.04,160.1
346.03,12.03,0.03,0.3,21.71,7.47,9.86,106.1,351.3,3.16,6.43,143.5,12.83,1.61,10.36,137.5,255.15,0.09,8.39,68.3,105.82,8.96,14.47,155.2,162.07,8.76,14.16,171.6,14.85,1.88,16.22,95.2
346.03,4.14,0.02,0.3,6.86,1.9,9.99,83.9,316.05,8.41,11.57,56.1,317.02,7.88,7.96,157.7,182.72,0.0,10.44,86.6,5.36,2.68,14.16,123.9,41.92,1.87,16.2,113.3,244.07,0.11,13.52,143.7
346.03,0.0,0.02,0.2,353.67,0.0,13.28,85.0,279.58,0.0,5.59,97.7,261.12,0.0,13.01,80.5,108.02,7.09,13.08,131.0,271.76,0.14,17.74,156.3,285.73,0.52,11.44,130.9,103.71,9.92,14.57,159.8
346.03,0.0,-0.01,0.2,338.12,3.77,9.04,98.8,245.74,0.01,7.75,138.9,205.75,1.18,7.15,118.7,27.25,4.9,15.88,158.8,173.23,10.11,12.57,145.8,166.03,8.75,18.34,132.8,320.45,1.76,16.27,105.3
346.03,3.72,0.02,0.3,323.88,8.03,8.87,112.3,209.79,11.74,10.35,64.4,151.08,11.48,11.95,122.8,310.61,0.0,14.51,155.2,70.22,1.91,12.51,113.4,45.88,1.84,18.19,104.5,179.91,0.17,14.82,142.7
346.03,10.34,0.04,0.3,308.5,0.0,4.6,48.0,173.41,2.74,8.34,71.4,91.23,0.03,6.45,114.8,231.86,7.64,16.4,176.1,331.52,0.25,17.26,135.2,288.54,0.57,17.38,178.7,38.94,9.49,18.48,160.5
346.03,3.09,0.02,0.1,293.82,0.08,14.57,114.8,139.31,0.0,12.69,101.4,37.18,0.0,12.91,175.8,152.93,3.46,13.54,134.1,231.59,8.11,15.84,118.9,169.1,9.67,17.77,130.1,261.83,1.57,14.38,109.3
346.03,0.0,0.06,-0.1,277.73,11.38,13.39,84.2,102.83,8.33,6.64,152.2,341.28,11.88,6.28,181.8,74.44,0.0,6.67,89.9,133.33,0.0,16.04,102.3,49.13,1.69,13.76,130.3,121.99,0.3,18.13,144.1
346.03,3.18,0.02,0.2,261.83,0.0,9.52,51.9,66.45,7.29,8.33,71.3,282.83,2.4,16.47,93.2,2.72,0.3,7.25,96.2,31.9,0.25,10.77,156.0,292.59,0.27,11.45,189.9,339.43,9.14,13.65,155.3
346.03,8.38,0.03,0.3,247.41,0.0,13.16,120.7,33.13,1.86,8.16,86.9,227.2,0.0,15.09,185.8,295.66,11.6,13.38,132.8,295.75,9.32,17.11,109.0,172.53,9.61,13.91,157.0,197.4,0.0,8.78,102.9
346.03,6.59,0.03,0.3,231.68,12.87,13.91,99.6,0.0,0.0,7.53,52.8,170.33,11.64,9.81,123.9,213.13,2.29,17.3,118.8,195.82,0.0,10.55,67.8,52.65,2.17,14.96,69.8,62.84,0.0,13.68,135.9
346.03,2.51,0.02,0.1,216.12,2.41,15.6,91.5,328.36,0.44,16.84,168.3,113.82,2.43,15.75,104.4,135.35,1.71,18.57,182.9,100.28,0.73,14.53,172.4,301.03,0.0,14.08,149.5,285.38,10.39,15.29,157.0
346.03,0.0,0.0,0.2,201.01,0.0,13.79,132.0,290.92,7.52,14.8,127.3,55.28,0.0,9.79,134.6,55.46,10.7,14.57,153.8,358.86,8.85,11.83,177.4,180.7,10.85,16.5,160.4,139.39,0.0,15.84,130.0
346.03,1.47,0.02,0.2,185.36,11.95,14.66,111.1,253.83,0.0,9.66,52.5,1.41,3.06,12.2,180.3,334.86,0.0,8.85,60.4,258.84,0.0,13.19,133.9,55.99,1.99,19.61,92.1,357.1,3.84,14.94,137.2
346.03,9.46,0.03,0.4,169.45,1.76,11.24,41.7,219.46,0.16,18.27,173.5,307.79,6.35,6.23,133.4,261.83,0.0,10.01,97.2,159.35,3.04,13.65,125.3,303.57,0.2,11.85,151.6,215.51,6.55,17.86,172.2
346.03,8.11,0.02,0.2,154.51,0.0,14.69,85.9,182.9,11.02,13.07,87.4,252.07,0.0,9.67,71.8,186.15,12.66,9.74,126.6,59.5,8.45,14.5,184.1,183.87,10.2,13.68,192.6,74.88,0.0,15.33,99.4
346.03,2.37,0.02,0.0,139.75,11.36,15.71,111.9,146.07,0.0,16.56,35.8,199.25,0.72,12.31,71.9,107.75,2.86,16.29,137.9,322.47,0.0,9.46,125.8,59.59,1.81,12.43,182.2,303.05,0.62,18.43,142.8
346.03,0.0,0.01,0.2,123.57,0.97,12.59,55.4,111.01,0.3,9.2,166.5,144.58,10.47,11.54,187.5,27.77,0.0,16.35,186.8,225.79,3.4,16.1,127.7,302.52,0.72,13.33,186.0,163.04,7.77,14.46,138.0
346.03,0.22,0.02,0.2,108.46,0.0,13.7,100.1,74.79,10.57,10.11,129.6,85.08,1.95,8.92,111.4,311.22,11.66,15.84,168.3,127.09,8.01,19.0,139.4,182.64,10.04,17.29,181.6,20.74,1.67,17.73,124.9
346.03,9.55,0.03,0.3,92.29,11.1,8.26,119.6,36.74,3.14,15.96,164.2,31.2,0.0,6.18,178.1,228.34,1.85,11.29,109.9,26.19,1.69,10.39,134.8,57.74,0.0,11.12,98.7,244.25,0.24,13.8,174.7
346.03,8.02,0.03,0.3,76.9,3.03,7.92,134.3,0.79,0.0,6.73,146.7,337.24,9.02,6.61,94.4,150.64,0.19,9.42,75.9,289.51,0.32,13.22,130.8,305.95,0.26,13.22,166.8,103.97,7.36,14.91,145.9
346.03,2.88,0.02,0.1,62.14,0.0,7.9,77.1,327.57,2.64,6.86,120.6,283.97,6.44,7.63,115.5,77.43,3.23,10.57,102.8,189.84,7.54,13.15,108.7,186.24,9.33,16.61,123.6,320.89,0.0,12.0,135.5
346.03,0.0,-0.01,-0.2,48.25,0.21,9.32,151.8,291.88,7.92,16.05,160.6,228.52,0.0,10.43,38.6,0.18,6.34,13.64,106.6,90.62,1.04,17.23,116.3,66.8,1.38,17.21,108.5,180.79,0.79,15.5,142.6
346.03,3.23,0.02,0.2,33.84,11.94,8.31,68.9,254.36,0.0,6.33,82.8,173.76,3.45,8.92,156.4,287.14,0.0,10.66,130.9,353.32,0.74,12.26,175.8,309.29,1.81,18.18,151.8,39.11,9.12,16.96,178.7
346.03,12.56,0.04,0.3,18.98,4.86,13.61,100.4,220.43,1.28,13.18,86.9,119.53,9.81,15.98,104.2,207.6,2.84,18.44,189.4,252.6,8.91,12.73,174.2,189.58,9.41,18.4,151.1,261.74,0.0,9.1,104.3
346.03,3.46,0.02,0.1,3.6,0.0,4.98,115.1,184.66,10.6,6.25,88.0,61.0,2.19,6.03,106.4,129.99,5.88,16.46,176.9,154.25,0.0,8.76,89.7,70.05,2.04,12.35,110.7,127.09,0.88,17.0,165.4
346.03,0.0,0.02,0.1,349.45,3.04,7.21,91.7,150.21,2.72,16.62,110.7,6.59,0.0,5.8,154.4,50.27,0.0,9.75,123.0,61.61,0.0,14.1,118.2,312.45,0.5,12.14,194.1,344.79,8.59,14.1,147.1
346.03,0.0,0.01,0.1,335.21,11.71,12.45,96.6,113.12,0.38,13.85,61.8,315.62,3.37,18.06,115.0,335.83,1.13,11.55,129.9,324.05,11.64,18.85,95.0,192.83,9.11,12.87,146.6,202.94,0.0,15.83,138.2
346.03,2.93,0.02,0.3,319.57,2.09,11.61,45.0,76.99,8.89,16.54,86.8,257.61,4.79,14.62,185.8,257.34,6.96,11.36,101.6,223.95,2.52,14.07,142.2,73.74,1.96,10.95,81.7,62.75,1.08,14.65,159.3
346.03,11.09,0.04,0.4,304.45,0.0,13.04,92.3,42.01,6.22,16.05,108.8,200.21,0.0,7.99,163.7,178.51,0.0,4.63,61.6,125.6,0.22,10.58,189.9,320.27,0.0,17.06,173.8,286.08,8.46,14.65,148.7
346.03,3.49,0.02,0.1,289.51,11.19,14.84,115.7,5.89,0.0,7.36,58.0,145.9,4.89,18.28,62.7,106.96,0.49,7.85,104.0,24.35,11.36,15.59,104.1,200.48,10.12,19.44,120.1,145.46,0.0,14.27,125.7
346.03,0.0,0.01,-0.4,273.16,2.08,12.92,101.9,333.9,0.45,16.02,66.4,91.05,8.18,7.06,125.6,29.09,12.5,12.98,128.2,283.97,1.62,16.08,67.0,76.9,1.82,18.22,141.8,2.72,0.0,14.8,157.2
346.03,0.54,0.02,0.2,257.26,0.22,14.51,77.1,298.56,11.97,9.64,91.8,37.18,2.41,9.23,104.1,309.9,1.9,15.63,98.9,188.26,0.0,10.99,149.4,318.87,0.89,14.98,136.8,232.21,9.74,16.06,188.3
346.03,4.73,0.02,0.3,241.79,11.62,11.13,105.1,262.62,3.75,7.81,83.4,343.21,0.0,15.44,77.6,233.61,0.24,15.25,184.2,89.74,10.9,9.38,142.9,198.81,10.31,11.46,139.1,92.2,2.21,14.72,164.9
346.03,7.79,0.03,0.3,225.35,0.0,7.35,48.0,228.25,0.0,14.68,59.4,287.75,12.58,12.51,192.0,155.57,9.92,19.06,183.3,351.3,2.14,17.92,124.3,75.15,0.0,14.28,119.7,314.3,0.0,16.13,176.2
346.03,2.8,0.03,0.2,210.94,0.0,11.13,129.0,192.57,2.05,9.94,152.3,227.9,2.24,12.55,184.5,76.2,2.32,17.2,145.1,251.81,0.03,16.9,102.1,317.9,3.65,11.86,179.2,173.76,11.21,14.85,137.3
346.03,0.0,0.01,0.3,195.56,11.72,14.15,99.8,157.76,7.97,5.55,86.2,171.39,0.28,6.52,184.4,0.0,0.0,11.23,149.0,152.84,8.86,11.22,189.3,197.58,7.52,13.56,176.9,26.81,0.28,16.62,97.0
346.03,1.17,0.02,0.1,180.26,1.29,13.6,63.0,123.66,0.66,16.68,34.6,116.1,11.97,16.95,96.9,286.0,8.72,12.82,109.9,52.65,2.05,14.6,103.2,78.31,1.11,12.36,85.0,255.06,0.04,14.19,148.4
346.03,4.59,0.02,0.3,165.5,0.0,14.19,142.7,87.8,0.0,13.61,83.2,58.54,2.46,8.03,170.8,206.98,2.88,8.66,98.9,315.44,0.14,17.68,155.8,325.9,1.99,16.46,161.1,115.4,10.5,18.23,142.4
346.03,9.74,0.03,0.3,150.12,11.58,11.48,103.1,53.44,3.12,11.85,71.2,4.22,0.0,2.82,172.6,135.35,0.0,6.73,87.0,215.86,10.12,11.34,152.9,205.05,9.12,17.6,128.5,327.39,0.0,14.62,130.1
346.03,2.9,0.03,0.2,133.68,0.0,13.69,56.8,17.93,7.33,14.79,79.9,313.07,3.28,16.28,84.7,62.14,0.47,9.07,114.0,113.29,0.0,14.24,122.4,86.4,2.01,12.03,105.6,185.8,2.28,14.82,161.7
346.03,0.0,0.01,-0.4,118.56,1.24,13.32,99.8,343.65,0.0,5.6,96.8,257.08,8.24,7.27,154.2,347.87,11.05,11.36,134.3,12.13,3.2,12.49,111.9,328.8,0.15,15.48,173.4,44.56,8.41,16.16,184.3
346.03,1.64,0.02,0.2,103.54,11.28,11.23,134.3,308.58,0.0,9.42,84.4,201.8,1.06,17.73,32.1,265.61,0.0,12.78,83.7,275.45,7.9,15.4,89.8,207.77,9.04,12.14,182.4,268.15,0.0,15.36,117.4
346.03,8.68,0.03,0.3,86.92,2.02,9.98,64.9,274.92,6.0,9.38,120.2,147.39,0.13,7.93,155.6,190.11,0.21,15.15,149.2,180.0,1.6,12.75,105.3,88.86,1.9,13.63,153.4,127.27,1.92,18.17,157.5
346.03,8.16,0.03,0.4,72.86,0.0,8.68,85.1,238.18,4.64,14.29,48.8,92.46,12.56,10.78,134.3,112.06,8.24,16.28,189.5,80.86,0.33,12.21,120.2,331.61,0.28,15.98,127.9,345.06,6.32,13.91,142.9
346.03,2.95,0.02,0.2,59.41,0.54,9.42,150.9,202.85,0.0,5.08,145.5,33.93,2.87,10.18,165.6,32.26,1.82,16.47,170.4,342.95,9.15,17.55,103.8,210.59,8.33,17.25,160.5,203.91,0.0,10.89,119.6
346.03,0.0,0.05,-0.1,44.56,11.55,8.95,75.3,167.78,1.14,10.4,112.3,337.94,0.0,8.57,77.7,315.35,0.32,16.67,165.3,242.58,0.65,15.34,83.4,91.85,1.76,17.76,154.7,62.84,2.52,14.41,148.6
346.03,3.06,0.03,0.2,29.53,4.69,14.7,103.7,130.87,5.66,15.08,72.2,284.68,3.82,7.93,174.9,236.34,10.36,16.59,148.1,147.83,0.05,10.88,189.7,334.25,0.47,12.48,124.6,285.56,5.94,15.95,143.6
346.03,8.81,0.03,0.3,14.24,0.0,11.16,139.4,95.19,0.0,17.12,42.7,229.04,4.76,8.83,80.2,155.83,0.0,8.7,99.5,46.93,10.39,15.16,100.2,213.49,9.94,12.54,176.5,145.55,0.0,9.11,154.6
346.03,6.16,0.02,0.3,0.0,3.27,8.65,68.2,60.82,0.0,13.73,123.1,176.57,0.0,7.73,73.8,82.88,0.0,12.05,122.6,305.77,0.0,13.7,68.7,94.57,1.52,17.16,100.0,8.09,0.01,18.25,137.6
346.03,2.39,0.02,0.1,346.03,10.87,14.68,85.2,23.82,8.81,12.24,145.5,124.1,0.1,8.75,162.3,6.42,5.94,12.49,111.4,209.97,0.21,12.95,132.0,336.97,0.81,16.07,137.0,237.48,10.48,13.35,149.6
346.03,0.0,-0.01,0.1,330.64,0.0,15.39,52.1,348.05,2.54,6.2,176.6,68.73,11.38,13.77,80.6,292.41,2.99,10.57,94.1,111.09,9.96,8.85,179.5,216.3,9.21,12.62,123.2,92.11,0.0,14.37,86.3
346.03,2.69,0.02,0.3,315.53,0.17,15.21,115.4,311.75,0.0,14.86,86.9,12.57,4.45,8.87,134.6,217.09,0.0,8.37,80.5,13.18,2.43,16.38,120.6,97.65,2.11,16.81,91.4,319.48,0.12,13.08,153.6
