Angle,V_bus,V_shunt,current,time,Angle.1,V_bus.1,V_shunt.1,current.1,time.1,Angle.2,V_bus.2,V_shunt.2,current.2,time.2,Angle.3,V_bus.3,V_shunt.3,current.3,time.3,Angle.4,V_bus.4,V_shunt.4,current.4,time.4,Angle.5,V_bus.5,V_shunt.5,current.5,time.5,Angle.6,V_bus.6,V_shunt.6,current.6,time.6,Angle.7,V_bus.7,V_shunt.7,current.7,time.7,Angle.8,V_bus.8,V_shunt.8,current.8,time.8,Angle.9,V_bus.9,V_shunt.9,current.9,time.9,Angle.10,V_bus.10,V_shunt.10,current.10,time.10,Angle.11,V_bus.11,V_shunt.11,current.11,time.11,Angle.12,V_bus.12,V_shunt.12,current.12,time.12,Angle.13,V_bus.13,V_shunt.13,current.13,time.13,Angle.14,V_bus.14,V_shunt.14,current.14,time.14,Angle.15,V_bus.15,V_shunt.15,current.15,time.15,Angle.16,V_bus.16,V_shunt.16,current.16,time.16,Angle.17,V_bus.17,V_shunt.17,current.17,time.17,Angle,V_bus,V_shunt,current,time
0.0,0.0,0.01,0.1,0.9239025115966796,0.0,4.61,10.25,101.2,0.9339885711669922,359.91,0.0,18.95,85.7,0.0,359.91,2.86,16.12,166.9,0.0,359.91,2.86,30.71,302.8,0.0,0.0,2.54,24.08,214.2,0.0,0.0,0.0,28.91,282.6,0.0,0.0,0.0,32.93,110.5,0.9340908527374268,0.0,0.0,22.93,372.0,0.0,8359.91,3.04,26.72,400.0,0.9476494789123536,0.0,0.0,20.21,198.2,0.0,0.0,10.19,39.53,400.0,0.0004770755767822,0.0,0.0,35.77,253.6,0.9368743896484376,0.0,1.41,51.61,335.4,0.936537265777588,0.0,3.81,40.0,400.0,0.9300737380981444,359.91,0.0,20.21,343.2,0.0,0.0,0.0,40.0,300.3,0.9363517761230468,0.0,0.96,51.04,400.0,0.9266757965087892,,,,,
0.0,0.8,0.02,0.2,0.9577236175537108,0.0,6.03,13.09,130.7,0.9660942554473876,359.91,0.13,11.57,149.8,0.0,359.91,0.0,19.2156,148.3,0.0,359.91,0.0,13.57,194.6,0.0,0.0,8.8,21.83,400.0,0.0,0.0,0.18,39.95,260.5,0.0,0.0,0.0,26.33,272.3,0.9504828453063964,0.0,4.6,40.0,209.7,0.0,359.91,0.0,33.99,119.6,0.9714648723602296,0.0,1.04,40.0,328.3,0.0,0.0,1.13,35.28,372.9,0.0007960796356201,0.0,0.7,40.0,374.8,0.9623236656188964,0.0,0.0,16.97,193.1,0.9683277606964112,0.0,7.28,40.0,400.0,0.9621567726135254,359.91,3.67,29.52,400.0,0.0,0.0,0.0,40.0,352.2,0.9527394771575928,0.0,0.0,40.0,303.4,0.9597513675689696,,,,,
0.0,10.55,0.04,0.3,0.9745142459869384,0.0,1.39,13.08,127.8,0.9845764636993408,359.91,7.58,13.25,168.0,0.0,0.0,1.16,20.64,261.0,0.0,359.91,4.8,0.05,178.5,0.0,0.0,2.03,40.0,216.3,0.0,359.91,0.24,27.23,380.9,0.9252591133117676,0.0,4.53,22.05,400.0,0.9833121299743652,0.0,4.98,40.0,387.7,0.0,359.91,0.0,27.78,400.0,0.9989230632781982,0.0,6.5,40.0,323.4,0.0156776905059814,0.0,0.0,35.14,233.3,0.0007960796356201,0.0,9.97,40.0,329.2,0.9869656562805176,0.0,3.43,28.16,288.9,0.9839611053466796,0.0,1.78,40.0,336.9,0.979116678237915,359.91,2.52,40.0,269.2,0.0,0.0,4.55,36.87,400.0,0.98640775680542,0.0,0.56,40.0,334.5,0.9932315349578856,,,,,
0.0,2.7,0.02,0.1,0.9996116161346436,0.0,0.0,6.51,57.0,1.000715732574463,359.91,69.0,17.4,172.9,0.0,0.0,0.0,14.39,158.1,0.0,359.91,0.0,14.98,195.3,0.0,0.0,0.0,12.33,157.1,0.0,359.91,10.12,24.24,400.0,0.9583652019500732,359.91,4.5,30.69,367.7,1.01733660697937,0.0,0.9,19.72,302.8,0.0,359.91,1.91,22.94,386.1,1.0160846710205078,0.0,1.26,20.54,400.0,0.0156776905059814,0.0,1.27,40.0,400.0,0.0007960796356201,0.0,3.77,40.0,280.5,1.0034611225128174,0.0,9.75,40.0,392.7,1.0152783393859863,0.0,0.0,15.89,231.8,1.0125916004180908,359.91,0.0,37.8,242.1,0.0,0.0,5.0,40.0,353.1,1.018061637878418,0.0,10.0,40.0,400.0,1.0098538398742676,,,,,
0.0,2.69,0.02,0.3,1.024540662765503,0.0,0.08,10.42,102.4,1.0339155197143557,359.91,8.02,15.29,117.6,0.0,359.91,2.49,17.54,159.9,0.0,359.91,2.85,12.17,241.3,0.0,0.0,0.0,9.4,135.5,0.9580786228179932,359.91,2.66,29.03,400.0,0.9918193817138672,359.91,0.0,16.18,360.1,1.033639430999756,0.0,0.0,22.93,372.0,0.0,359.91,0.0,13.71,358.0,1.0495362281799316,0.0,0.0,20.21,198.2,0.0156776905059814,0.0,10.19,39.53,400.0,0.0015966892242431,0.0,1.03,40.0,298.2,1.036893606185913,0.0,3.02,40.0,400.0,1.0466656684875488,0.0,0.19,28.49,400.0,1.0292251110076904,9.91,4.44,40.0,268.9,0.0,0.0,0.96,40.0,400.0,1.0363569259643557,0.0,1.72,34.65,400.0,1.042604923248291,,,,,
0.0,11.1,0.03,0.3,1.048290491104126,0.0,4.82,11.43,133.4,1.05021071434021,359.91,0.0,18.95,85.7,0.0,359.91,2.86,16.12,166.9,0.0,359.91,2.86,30.71,302.8,0.0,0.0,0.0,35.78,208.5,0.9785881042480468,359.91,2.13,20.57,243.4,1.0241904258728027,359.91,4.62,17.07,306.6,1.0671160221099854,0.0,4.6,40.0,209.7,0.0,359.91,9.03,23.81,321.4,1.0825443267822266,0.0,1.04,40.0,328.3,0.0156776905059814,0.0,1.13,35.28,372.9,0.0015966892242431,0.0,0.0,19.17,400.0,1.0625874996185305,0.0,0.0,40.0,400.0,1.0621767044067385,0.0,10.94,26.19,312.8,1.0627164840698242,359.91,0.0,20.21,343.2,0.0,0.0,0.0,40.0,400.0,1.052891492843628,0.0,0.0,30.03,400.0,1.0602316856384275,,,,,
0.0,5.64,0.02,0.2,1.0578813552856443,0.0,4.84,11.29,145.1,1.0874996185302734,359.91,0.13,11.57,149.8,0.0,359.91,1.14,18.43,128.9,0.9728879928588868,359.91,0.0,13.57,194.6,0.0,0.0,2.46,36.65,342.0,1.0083951950073242,359.91,3.08,40.0,237.5,1.0471765995025637,359.91,2.66,40.0,266.2,1.0985500812530518,0.0,4.98,40.0,387.7,0.0,359.91,1.81,27.15,400.0,1.0994720458984375,0.0,7.88,40.0,365.1,0.967520236968994,0.0,1.32,40.0,208.3,0.9525010585784912,0.0,3.96,36.89,349.3,1.0866448879241943,0.0,0.0,35.97,400.0,1.0860717296600342,0.0,1.28,27.5,400.0,1.0793936252593994,359.91,3.67,29.52,400.0,0.0,0.0,5.64,40.0,330.0,1.0870118141174316,0.0,2.05,33.99,400.0,1.079448699951172,,,,,
0.0,3.18,0.02,0.2,1.0919849872589111,0.0,0.96,7.63,52.8,1.1009509563446045,359.91,7.58,13.25,168.0,0.0,359.91,0.0,9.61,128.6,1.0015056133270264,359.91,0.0,29.18,96.6,0.9661014080047609,0.0,8.44,23.78,344.1,1.0253245830535889,359.91,0.0,16.06,301.7,1.075221300125122,359.91,0.0,19.38,217.3,1.1176552772521973,0.0,8.82,33.87,222.4,0.961923599243164,359.91,0.0,34.85,400.0,1.132683038711548,0.0,4.53,24.4,333.1,1.0009088516235352,0.0,0.0,23.89,379.3,0.9854652881622314,0.0,5.94,40.0,400.0,1.1037044525146484,0.0,10.38,40.0,400.0,1.116722583770752,0.0,0.0,17.63,400.0,1.1125118732452393,359.91,2.52,40.0,269.2,0.0,0.0,7.18,32.11,400.0,1.1034626960754397,0.0,7.97,36.63,370.7,1.1098318099975586,,,,,
0.0,1.47,0.01,0.2,1.1074137687683103,0.0,0.0,5.89,57.6,1.1335513591766355,0.0,0.98,13.61,148.6,0.9654886722564696,359.91,6.95,22.13,157.2,1.0173921585083008,359.91,0.0,16.95,295.6,0.9834332466125488,0.0,1.88,36.36,400.0,1.058708906173706,359.91,3.69,18.71,323.4,1.0918285846710205,359.91,8.51,33.0,400.0,1.1502423286437988,0.0,2.18,40.0,313.7,0.9955356121063232,359.91,9.0,25.73,400.0,1.1490929126739502,0.0,1.04,40.0,357.2,1.01741623878479,0.0,0.84,27.87,400.0,1.0023314952850342,0.0,0.64,26.64,400.0,1.136742353439331,0.0,2.42,27.6,284.1,1.1323883533477783,0.0,1.22,26.29,329.2,1.1445753574371338,359.91,0.0,37.8,242.1,0.0,0.0,1.0,40.0,400.0,1.1366422176361084,0.0,1.82,40.0,400.0,1.1273767948150637,,,,,
0.0,0.15,0.02,0.1,1.1237921714782717,0.0,0.1,11.51,109.4,1.151198387145996,0.0,9.08,14.47,105.3,0.998222589492798,0.0,1.15,14.01,138.0,1.0501484870910645,359.91,3.61,29.37,127.7,1.016202449798584,0.0,0.0,23.18,182.0,1.0789296627044678,359.91,1.97,40.0,153.7,1.125187873840332,359.91,1.64,19.36,261.2,1.167253017425537,0.0,0.0,29.28,312.6,1.011439085006714,359.91,0.96,21.47,376.2,1.1824758052825928,359.91,0.25,40.0,249.4,1.0517048835754397,0.0,5.28,37.15,400.0,1.0358657836914062,0.0,0.0,30.72,400.0,1.1630566120147705,0.0,0.0,39.14,270.0,1.1643047332763672,0.0,9.39,28.51,294.2,1.1623563766479492,9.91,4.44,40.0,268.9,0.0,0.0,0.0,39.84,387.7,1.1529064178466797,0.0,0.0,20.83,378.3,1.159858465194702,,,,,
0.0,0.0,0.01,0.2,1.158905267715454,0.0,5.02,7.6,94.8,1.183518648147583,0.0,3.7,16.57,182.1,1.0152277946472168,0.0,0.0,9.84,212.7,1.0668082237243652,359.91,0.0,13.07,189.9,1.0503692626953125,0.0,3.1,24.71,204.9,1.108724594116211,359.91,0.0,27.0,392.9,1.1581623554229736,0.0,0.0,16.23,400.0,1.201537847518921,0.0,0.0,18.06,326.2,1.044878005981445,359.91,0.22,18.8,400.0,1.2154276371002195,359.91,8.68,40.0,250.6,1.0826694965362549,0.0,2.83,40.0,267.3,1.0536949634552002,0.0,2.86,40.0,400.0,1.1866850852966309,0.0,1.42,30.12,400.0,1.180746078491211,0.0,1.43,40.0,305.1,1.1786892414093018,359.91,0.0,20.21,343.2,0.0,0.0,5.08,36.23,374.5,1.186150074005127,0.0,0.76,39.6,353.6,1.1925640106201172,,,,,
0.0,0.0,0.01,0.2,1.1741290092468262,0.0,6.62,10.93,115.9,1.2018649578094482,0.0,1.35,20.18,94.1,1.0483078956604004,0.0,3.1,25.28,207.2,1.0998132228851318,359.91,3.39,30.52,248.0,1.066793441772461,0.0,8.23,21.56,266.7,1.1397509574890137,359.91,7.5,19.17,242.8,1.1749110221862793,0.0,2.68,32.67,219.5,1.2177646160125732,0.0,4.05,26.91,400.0,1.0618953704833984,359.91,8.55,26.6,400.0,1.23260760307312,359.91,0.89,40.0,358.0,1.1007845401763916,0.0,0.0,40.0,154.9,1.0855703353881836,0.0,4.41,30.67,400.0,1.2035491466522217,0.0,9.92,27.25,338.5,1.2120280265808103,0.0,0.0,39.27,170.2,1.212698459625244,359.91,3.67,29.52,400.0,0.0,0.0,5.66,40.0,400.0,1.2032628059387207,0.0,8.45,40.0,400.0,1.209812879562378,,,,,
0.0,0.0,0.02,0.1,1.1997854709625244,0.0,1.22,13.9,94.6,1.217762470245361,0.0,0.0,10.73,161.4,1.0652546882629397,0.0,10.06,20.66,232.4,1.1173903942108154,359.91,2.24,23.31,209.1,1.10319185256958,0.0,1.43,23.92,388.0,1.158586025238037,8.44,3.38,27.59,398.0,1.208446979522705,0.0,8.45,34.92,229.7,1.2504537105560305,0.0,2.8,32.89,266.9,1.0957796573638916,359.91,0.0,27.18,352.3,1.266106128692627,359.91,1.02,40.0,400.0,1.134434938430786,0.0,0.06,35.97,400.0,1.1025440692901611,0.0,0.64,39.76,390.4,1.2362592220306396,0.0,1.69,40.0,400.0,1.2433886528015137,0.0,0.52,40.0,400.0,1.2290353775024414,359.91,2.52,40.0,269.2,0.0,0.0,1.1,40.0,400.0,1.236649513244629,0.0,2.09,40.0,339.1,1.243175029754639,,,,,
0.0,0.96,0.01,0.1,1.2240321636199951,0.0,0.0,8.23,102.7,1.251021146774292,0.0,2.99,16.92,148.4,1.098259687423706,0.0,1.3,22.43,115.2,1.150456190109253,359.91,0.0,22.45,252.4,1.119861364364624,0.0,0.0,23.43,158.1,1.179328441619873,0.0,0.0,25.58,170.7,1.2248127460479736,0.0,1.82,15.82,304.9,1.2670373916625977,0.0,0.0,39.37,113.8,1.111797332763672,359.91,1.06,30.16,400.0,1.292567491531372,359.91,5.72,25.82,400.0,1.1518354415893557,0.0,11.8,40.0,273.7,1.135894536972046,0.0,0.0,40.0,400.0,1.2635574340820312,0.0,0.0,16.39,392.7,1.262622594833374,0.0,7.56,26.0,400.0,1.2620527744293213,359.91,0.0,37.8,242.1,0.0088963508605957,0.0,0.0,32.6,338.7,1.2682433128356934,0.0,0.0,32.67,212.5,1.2675325870513916,,,,,
0.0,3.06,0.02,0.3,1.2411870956420898,0.0,2.53,8.27,89.2,1.2671897411346436,0.0,9.48,10.8,144.2,1.1151442527770996,0.0,0.0,8.11,167.6,1.166912078857422,359.91,4.86,14.18,175.3,1.1495120525360107,0.0,3.7,20.47,203.9,1.2087671756744385,0.0,0.2,33.31,188.8,1.258241891860962,0.0,0.0,18.01,372.9,1.3006081581115725,0.0,0.0,24.91,400.0,1.1452369689941406,359.91,5.24,22.63,392.4,1.3189852237701416,359.91,0.0,14.8,385.1,1.1841962337493896,0.0,2.18,29.68,400.0,1.1524338722229004,0.0,2.57,40.0,400.0,1.2873249053955078,0.0,0.74,32.24,363.0,1.2826449871063232,0.0,1.45,28.79,400.0,1.279287338256836,359.91,0.0,34.98,400.0,0.9325785636901855,0.0,3.29,34.52,400.0,1.2863333225250244,0.0,0.52,40.0,331.6,1.292109727859497,,,,,
0.0,6.44,0.02,0.4,1.2581110000610352,0.0,3.13,10.54,81.2,1.3016321659088137,0.0,1.29,15.18,125.8,1.147748947143555,0.0,2.81,17.55,169.2,1.2003607749938965,359.91,1.44,31.17,302.2,1.184232234954834,0.0,9.7,18.56,240.4,1.2299389839172363,0.0,6.65,14.96,400.0,1.2756459712982178,0.0,1.79,40.0,265.1,1.3179056644439695,0.0,3.26,21.86,400.0,1.161663055419922,349.89,0.0,12.46,368.7,1.352827787399292,359.91,2.4,26.61,287.0,1.2169303894042969,0.0,0.0,22.53,244.6,1.1851701736450195,0.0,4.76,40.0,309.1,1.3039324283599854,0.0,10.12,40.0,400.0,1.316307783126831,0.0,0.0,16.22,233.6,1.3134989738464355,359.91,5.06,39.56,313.9,0.9660370349884032,0.0,6.07,40.0,400.0,1.303650140762329,0.0,9.04,40.0,347.4,1.310387372970581,,,,,
0.0,8.61,0.03,0.3,1.290205478668213,0.0,8.95,11.74,115.5,1.318549633026123,0.0,0.0,8.47,128.0,1.169444561004639,0.0,11.15,15.12,178.0,1.2169759273529053,359.91,0.0,11.9,239.1,1.2001676559448242,0.0,2.32,24.08,353.8,1.258516550064087,0.0,3.78,25.32,400.0,1.310871124267578,0.0,9.06,38.1,211.4,1.352597951889038,0.0,3.0,40.0,310.3,1.1961352825164795,359.91,4.47,36.29,400.0,1.3650944232940674,359.91,4.66,26.11,307.4,1.2395823001861572,0.0,0.3,40.0,400.0,1.202383041381836,0.0,0.92,40.0,287.0,1.341867446899414,0.0,1.19,40.0,278.3,1.337082862854004,0.0,0.48,28.83,278.1,1.3340857028961182,359.91,5.58,40.0,400.0,0.9992949962615968,0.0,1.14,39.25,400.0,1.3423991203308103,0.0,1.3,40.0,341.5,1.330920696258545,,,,,
0.0,5.54,0.01,0.2,1.3083653450012207,0.0,1.16,9.28,92.0,1.3503077030181885,0.0,1.96,19.24,163.7,1.1967778205871582,0.0,1.29,22.4,238.2,1.2503788471221924,359.91,11.35,28.98,310.6,1.234931230545044,0.0,0.0,19.37,278.0,1.2792131900787354,0.0,0.0,25.08,171.2,1.3365826606750488,0.0,2.04,18.88,400.0,1.3771424293518066,0.0,0.0,40.0,111.9,1.2120246887207031,359.91,2.91,31.75,400.0,1.3964357376098633,359.91,0.0,38.61,215.9,1.2670655250549316,0.0,9.92,30.7,400.0,1.235574722290039,0.0,0.0,36.43,400.0,1.3663561344146729,0.0,0.0,40.0,281.6,1.3708643913269043,0.0,7.78,40.0,301.4,1.3652663230895996,359.91,0.0,25.97,400.0,1.0156192779541016,0.0,0.0,27.48,376.2,1.3671236038208008,0.0,0.0,40.0,287.2,1.3664917945861816,,,,,
0.0,2.29,0.01,0.1,1.3248908519744873,0.0,0.0,5.63,73.9,1.3758113384246826,0.0,11.63,17.21,210.9,1.2147111892700195,0.0,0.0,15.58,230.9,1.266885757446289,359.91,0.93,13.38,98.2,1.2673938274383545,0.0,0.97,37.96,167.7,1.3091449737548828,0.0,0.09,35.37,155.8,1.360969066619873,0.0,0.0,15.1,346.5,1.3979668617248535,0.0,0.0,26.2,400.0,1.24605393409729,359.91,0.0,20.07,400.0,1.4278039932250977,359.91,4.66,40.0,299.5,1.2844202518463137,0.0,2.17,40.0,400.0,1.25227689743042,0.0,6.49,40.0,243.4,1.386206865310669,0.0,3.35,36.81,307.4,1.3988070487976074,0.0,1.52,40.0,260.9,1.3781332969665527,359.91,8.04,30.5,400.0,1.0492093563079834,0.0,5.35,40.0,400.0,1.384854793548584,0.0,0.65,40.0,310.2,1.3907155990600586,,,,,
0.0,1.35,0.02,0.1,1.3449554443359375,359.91,0.19,13.62,132.4,1.4003407955169678,0.0,1.35,13.35,108.3,1.2486929893493652,0.0,3.38,29.42,185.3,1.300302505493164,359.91,0.34,18.91,302.1,1.2838399410247805,0.0,10.41,16.68,239.0,1.3412041664123535,0.0,5.82,17.19,379.5,1.3743906021118164,0.0,1.6,40.0,273.2,1.4177794456481934,0.0,10.24,32.17,400.0,1.2616877555847168,359.91,2.88,30.27,335.8,1.4589381217956543,359.91,2.66,40.0,372.1,1.3175137042999268,0.0,0.0,40.0,334.9,1.286299705505371,0.0,5.26,40.0,342.6,1.4041686058044434,10.11,6.18,40.0,400.0,1.4145495891571045,0.0,0.0,36.3,400.0,1.4089102745056152,359.91,0.8,40.0,337.1,1.0809829235076904,0.0,6.35,40.0,400.0,1.4010207653045654,0.0,9.34,40.0,351.4,1.4090402126312256,,,,,
0.0,0.06,0.01,0.1,1.3764355182647705,359.91,7.6,12.6,116.1,1.4160842895507812,0.0,0.0,10.03,143.2,1.2651283740997314,0.0,9.7,16.39,179.3,1.3168816566467283,359.91,7.86,22.29,120.9,1.3205747604370115,0.0,1.48,21.18,370.5,1.3660547733306885,0.0,2.78,33.16,399.0,1.4056363105773926,0.0,9.79,39.33,309.6,1.445659637451172,0.0,2.56,36.27,282.2,1.296025276184082,359.91,2.57,23.13,389.4,1.4881088733673096,359.91,0.0,38.94,343.4,1.352038860321045,0.0,0.77,34.3,400.0,1.3031961917877195,0.0,1.06,34.29,281.7,1.4401850700378418,0.0,0.74,40.0,400.0,1.4458208084106443,0.0,4.65,26.5,400.0,1.440140724182129,359.91,0.4,40.0,363.9,1.0996770858764648,0.0,1.08,36.38,384.4,1.432276725769043,0.0,1.65,40.0,400.0,1.4383985996246338,,,,,
0.0,0.0,0.02,0.1,1.3902907371520996,359.91,0.0,9.96,76.4,1.4473326206207275,0.0,0.7,8.7,135.1,1.2987165451049805,0.0,1.17,22.27,170.4,1.3533313274383545,359.91,0.0,17.07,143.5,1.3358068466186523,0.0,0.0,25.02,202.9,1.3905231952667236,359.91,0.0,9.15,196.7,1.4212636947631836,0.0,2.34,18.27,400.0,1.4769015312194824,0.0,0.0,10.21,341.7,1.3125059604644775,359.91,0.0,30.52,400.0,1.5129034519195557,359.91,9.89,31.12,365.4,1.3775198459625244,0.0,10.44,39.93,376.7,1.340670108795166,0.0,0.0,18.12,239.0,1.4639480113983154,0.0,0.0,37.95,400.0,1.4630160331726074,0.0,8.08,31.92,400.0,1.4681847095489502,359.91,7.12,31.03,384.4,1.1322171688079834,0.0,0.0,18.62,394.3,1.463467359542847,0.0,0.0,40.0,379.5,1.453925371170044,,,,,
0.0,0.0,0.02,0.2,1.4217591285705566,359.91,0.0,7.59,128.7,1.47845721244812,0.0,10.07,18.97,208.6,1.3154096603393557,0.0,0.0,9.11,110.6,1.37434720993042,359.91,0.5,30.36,139.0,1.3740448951721191,0.0,2.93,22.54,176.9,1.409052848815918,359.91,1.18,38.77,236.0,1.4530184268951416,0.0,0.0,25.19,309.2,1.4925189018249512,0.0,0.1,28.01,400.0,1.3477542400360107,359.91,8.61,37.29,400.0,1.5417065620422363,359.91,1.65,31.3,369.4,1.3991730213165283,0.0,1.85,21.13,284.7,1.3659462928771973,0.0,5.99,40.0,373.4,1.4857981204986572,0.0,2.62,40.0,400.0,1.493354082107544,0.0,1.76,32.4,291.4,1.479419231414795,359.91,0.0,30.05,400.0,1.1484746932983398,0.0,5.76,40.0,400.0,1.4791476726531982,0.0,0.55,38.77,400.0,1.4852375984191897,,,,,
0.0,0.68,0.02,0.1,1.4374308586120603,359.91,10.02,12.59,112.2,1.4945497512817385,0.0,1.73,17.86,201.8,1.348637342453003,0.0,0.44,14.38,259.9,1.399177312850952,359.91,6.87,22.56,223.4,1.4031734466552734,0.0,7.96,17.82,356.4,1.4399442672729492,359.91,3.65,21.17,400.0,1.484341382980347,0.0,1.5,40.0,364.3,1.5287506580352783,0.0,10.08,40.0,235.8,1.376842021942139,359.91,1.53,32.06,177.9,1.565671682357788,0.0,0.0,15.7,289.6,1.4304287433624268,0.0,0.0,21.55,237.3,1.3849542140960691,0.0,5.42,24.86,400.0,1.5013232231140137,0.0,4.53,40.0,369.4,1.5090012550354004,0.0,0.0,27.19,184.2,1.510228395462036,359.91,3.44,40.0,361.6,1.1846020221710205,0.0,6.55,36.71,400.0,1.5107874870300293,0.0,7.62,40.0,400.0,1.5171587467193604,,,,,
0.0,0.74,0.02,0.2,1.4530470371246338,359.91,0.49,12.98,62.9,1.5259158611297607,0.0,0.0,10.36,118.2,1.3732519149780271,0.0,8.48,25.59,212.3,1.414804458618164,359.91,0.0,16.9,173.1,1.427628755569458,0.0,1.48,24.14,357.9,1.4568886756896973,359.91,0.0,13.62,207.2,1.515528440475464,0.0,10.56,40.0,264.4,1.550325870513916,0.0,1.82,24.29,391.0,1.3959901332855225,359.91,0.0,29.54,222.7,1.594275712966919,0.0,1.65,36.96,262.6,1.4522967338562012,0.0,3.46,36.27,367.6,1.4000871181488037,0.0,1.02,33.97,195.8,1.5326993465423584,0.0,0.91,40.0,245.1,1.5401241779327393,0.0,4.29,40.0,290.7,1.5414857864379885,359.91,4.34,40.0,392.7,1.2154016494750977,0.0,1.12,28.76,400.0,1.5421583652496338,0.0,1.8,40.0,400.0,1.53289794921875,,,,,
0.0,2.79,0.02,0.2,1.4842815399169922,359.91,0.04,12.04,127.4,1.5571599006652832,0.0,3.18,13.17,173.1,1.3973100185394287,0.0,2.26,22.03,286.6,1.4519741535186768,359.91,2.54,20.48,177.2,1.4519519805908203,0.0,0.0,24.04,316.4,1.4886682033538818,359.91,3.79,40.0,392.3,1.5446052551269531,0.0,1.17,26.29,400.0,1.5660457611083984,0.0,0.0,17.03,210.0,1.4257605075836182,0.0,6.2,35.56,317.8,1.6188204288482666,0.0,8.22,26.39,374.1,1.4776818752288818,0.0,8.6,24.47,400.0,1.4393441677093506,0.0,0.0,34.5,387.7,1.5483379364013672,0.0,0.0,40.0,400.0,1.5633859634399414,0.0,8.22,40.0,260.3,1.5577194690704346,359.91,0.0,20.7,229.4,1.2319881916046145,0.0,0.0,39.8,400.0,1.557798147201538,0.0,0.0,24.48,382.8,1.564157009124756,,,,,
0.0,11.64,0.04,0.3,1.5004234313964844,359.91,9.46,12.41,111.7,1.5886657238006592,0.0,8.39,12.32,96.2,1.4119243621826172,0.0,0.0,13.16,82.9,1.4760243892669678,359.91,4.04,32.05,270.1,1.4803123474121094,0.0,3.05,37.75,240.0,1.5044231414794922,359.91,2.35,28.07,349.8,1.5697565078735352,0.0,0.0,31.73,280.8,1.5973145961761477,0.0,1.34,40.0,213.1,1.4413909912109375,0.0,4.26,24.17,399.3,1.6314053535461426,0.0,1.83,27.86,400.0,1.4932796955108645,0.0,1.89,35.78,280.2,1.4638340473175049,359.91,10.85,26.11,400.0,1.5796122550964355,0.0,5.62,34.67,300.7,1.5998520851135254,0.0,1.8,40.0,400.0,1.5890944004058838,359.91,5.12,40.0,400.0,1.2659096717834473,0.0,5.66,38.63,400.0,1.5890445709228516,0.0,0.36,34.15,400.0,1.5797157287597656,,,,,
0.0,6.29,0.02,0.3,1.5316836833953855,359.91,1.14,10.63,70.3,1.6134026050567627,0.0,2.72,12.16,183.2,1.443190097808838,0.0,0.0,17.69,151.8,1.4993610382080078,359.91,0.0,7.58,157.6,1.5094223022460938,0.0,9.88,16.13,214.4,1.5356357097625732,0.0,0.0,14.57,254.6,1.5907721519470217,0.0,1.1,40.0,302.4,1.6184744834899902,0.0,8.65,24.48,321.5,1.4726219177246094,0.0,0.56,32.55,103.3,1.66275954246521,0.0,0.0,23.88,241.8,1.52441143989563,0.0,0.0,22.77,326.7,1.48827862739563,359.91,0.97,40.0,359.9,1.610959768295288,0.0,4.8,40.0,310.5,1.624476432800293,0.0,0.0,16.67,400.0,1.6047141551971436,359.91,2.36,40.0,385.5,1.2984950542449951,0.0,6.66,28.63,400.0,1.6052756309509275,0.0,8.03,34.36,400.0,1.611497163772583,,,,,
0.0,3.66,0.02,0.2,1.547311782836914,359.91,0.27,11.55,131.2,1.6332156658172607,0.0,0.0,10.61,109.2,1.4589271545410156,0.0,7.91,18.54,163.7,1.515002965927124,359.91,3.54,26.95,315.0,1.5336363315582275,0.0,1.52,21.42,400.0,1.551274299621582,0.0,0.57,40.0,167.5,1.6220693588256836,0.0,9.22,24.59,400.0,1.6446349620819092,0.0,2.05,22.33,400.0,1.4963510036468506,0.0,0.04,28.85,339.6,1.693004846572876,0.0,1.15,24.43,387.7,1.5560734272003174,0.0,1.25,22.96,400.0,1.501603364944458,359.91,0.37,31.58,348.0,1.6422042846679688,0.0,1.12,40.0,312.4,1.6332802772521973,0.0,3.71,28.97,400.0,1.635942459106445,359.91,0.0,40.0,258.2,1.3162508010864258,0.0,1.06,32.89,400.0,1.6418278217315674,0.0,1.74,31.18,400.0,1.6271746158599854,,,,,
0.0,1.68,0.02,0.1,1.5628676414489746,359.91,9.44,12.55,119.6,1.664489507675171,0.0,1.54,22.49,168.7,1.490154266357422,0.0,4.09,15.12,151.1,1.5494661331176758,359.91,3.42,24.42,137.6,1.5626106262207031,0.0,0.0,26.59,279.4,1.583018779754639,0.0,10.66,17.85,277.1,1.6408092975616455,0.0,1.13,30.93,400.0,1.6760056018829346,0.0,0.0,17.41,267.0,1.5201208591461182,359.91,9.6,37.35,319.1,1.7103996276855469,0.0,8.7,30.33,400.0,1.5718412399291992,0.0,8.69,37.85,302.1,1.532975435256958,359.91,5.71,25.74,269.1,1.6643834114074707,0.0,0.0,18.45,244.4,1.6653807163238523,0.0,8.62,29.32,300.2,1.6674509048461914,359.91,4.39,33.59,334.9,1.351468801498413,0.0,0.0,32.47,400.0,1.6524934768676758,0.0,0.0,23.33,400.0,1.6657934188842771,,,,,
0.0,0.95,0.01,0.1,1.5941555500030518,359.91,0.99,9.09,55.2,1.6831393241882324,0.0,12.14,10.3,136.9,1.521617412567139,0.0,0.0,15.35,156.7,1.565089464187622,359.91,0.0,13.03,278.3,1.591092824935913,0.0,1.75,37.55,177.7,1.6143848896026611,0.0,1.48,24.0,389.9,1.6696839332580566,0.0,0.0,32.25,368.8,1.6916117668151855,0.0,0.57,40.0,172.4,1.5356206893920898,359.91,0.99,40.0,276.3,1.7488319873809814,0.0,1.82,39.6,312.6,1.6030263900756836,0.0,1.21,40.0,372.9,1.564466953277588,359.91,0.0,38.33,218.9,1.6896445751190186,0.0,5.25,40.0,371.2,1.6962497234344482,0.0,2.11,32.84,267.3,1.682959794998169,359.91,2.07,40.0,400.0,1.380049705505371,0.0,5.75,28.44,400.0,1.6837353706359863,0.0,2.0,33.99,400.0,1.6754381656646729,,,,,
0.0,0.0,0.01,0.0,1.6102769374847412,359.91,0.0,9.43,91.0,1.7119255065917969,0.0,2.18,12.79,111.6,1.5371453762054443,0.0,0.16,24.07,242.5,1.599522352218628,359.91,3.05,29.87,139.4,1.615602970123291,0.0,7.28,18.58,238.7,1.630012035369873,0.0,0.0,28.23,182.6,1.685197830200195,0.0,1.98,40.0,264.6,1.7252275943756104,0.0,9.14,36.62,283.4,1.566965103149414,359.91,0.26,40.0,400.0,1.7645728588104248,0.0,0.0,39.39,331.6,1.6187028884887695,0.0,0.0,15.7,400.0,1.5908257961273191,359.91,2.82,26.67,400.0,1.720877170562744,0.0,5.18,36.8,400.0,1.7118680477142334,0.0,0.0,38.77,190.8,1.7142140865325928,359.91,0.0,33.16,382.9,1.4000916481018066,0.0,6.87,33.67,400.0,1.715034008026123,0.0,8.04,38.11,354.7,1.7103819847106934,,,,,
0.0,0.0,0.02,0.2,1.628007173538208,359.91,3.49,13.17,137.5,1.7446560859680176,0.0,0.0,10.56,138.7,1.5685107707977295,0.0,7.02,25.26,268.9,1.6125905513763428,359.91,2.12,17.63,223.3,1.6444852352142334,0.0,1.4,23.72,383.0,1.6611416339874268,0.0,2.59,27.38,202.5,1.716444969177246,0.0,7.27,22.89,291.2,1.7497224807739258,0.0,2.27,18.21,400.0,1.5982911586761477,0.0,10.42,32.49,400.0,1.795830488204956,0.0,1.66,31.72,400.0,1.652529239654541,0.0,0.69,35.57,290.9,1.6015799045562744,0.0,8.88,31.99,312.5,1.7366571426391602,0.0,1.05,24.31,184.7,1.7430801391601562,0.0,2.15,40.0,254.9,1.7299461364746094,359.91,10.34,40.0,381.1,1.4293899536132812,0.0,0.93,36.43,400.0,1.7307796478271484,0.0,1.89,40.0,400.0,1.7382440567016602,,,,,
0.0,0.0,0.03,0.1,1.6623334884643557,359.91,2.33,12.01,108.0,1.765251874923706,0.0,1.68,17.42,170.8,1.597729206085205,0.0,4.78,20.64,123.4,1.6439504623413086,359.91,0.0,22.85,232.1,1.6655876636505127,0.0,0.0,24.96,301.4,1.6799018383026123,0.0,8.28,16.55,400.0,1.740769863128662,0.0,1.5,25.6,400.0,1.7653477191925049,0.0,0.0,30.15,353.0,1.6140458583831787,0.0,2.04,26.92,344.3,1.8271968364715576,0.0,8.87,40.0,321.5,1.6671271324157717,0.0,9.41,40.0,400.0,1.6329643726348877,0.0,1.4,36.31,400.0,1.7686407566070557,0.0,0.0,40.0,391.0,1.7637672424316406,0.0,8.81,40.0,400.0,1.767115354537964,359.91,1.01,40.0,359.7,1.460634469985962,0.0,0.0,18.95,400.0,1.767185926437378,0.0,0.0,39.27,311.5,1.7598729133605957,,,,,
0.0,2.16,0.02,0.3,1.6836271286010742,359.91,0.0,7.19,157.0,1.7972159385681152,0.0,10.36,22.22,154.8,1.6159799098968506,0.0,0.96,12.43,123.3,1.6595861911773682,359.91,6.12,23.84,260.1,1.696413516998291,0.0,2.52,34.67,154.7,1.713667631149292,359.91,0.75,40.0,115.0,1.764134168624878,0.0,0.0,26.42,162.6,1.7967021465301514,0.0,0.5,40.0,251.4,1.6454076766967771,0.0,0.0,16.24,295.1,1.8485698699951167,0.0,1.92,40.0,400.0,1.698498010635376,0.0,1.31,23.5,400.0,1.6648180484771729,0.0,0.0,16.79,400.0,1.800036907196045,0.0,4.98,30.56,400.0,1.7906262874603271,0.0,1.3,25.65,400.0,1.7919249534606934,359.91,0.18,33.09,339.9,1.4762606620788574,0.0,5.48,35.14,400.0,1.79274320602417,0.0,0.69,40.0,343.2,1.792475700378418,,,,,
0.0,1.46,0.02,0.2,1.7036685943603516,359.91,3.68,12.99,122.4,1.8129634857177728,0.0,1.38,10.16,150.2,1.6473281383514404,0.0,0.0,19.14,148.2,1.6908297538757324,359.91,1.52,30.94,240.7,1.7120795249938965,0.0,8.11,15.5,224.9,1.7386045455932615,359.91,2.45,27.07,397.2,1.7952754497528076,0.0,1.38,40.0,286.5,1.8279736042022705,0.0,10.12,40.0,386.1,1.661168098449707,0.0,1.64,38.61,258.5,1.8636784553527832,0.0,0.0,19.51,400.0,1.729705572128296,0.0,0.0,23.65,400.0,1.6805455684661863,0.0,3.08,39.76,377.3,1.815629243850708,0.0,5.15,30.27,328.5,1.8062515258789065,0.0,0.0,18.14,400.0,1.8105227947235107,359.91,7.08,40.0,400.0,1.5080931186676023,0.0,7.12,40.0,400.0,1.8165080547332764,0.0,8.64,40.0,391.0,1.810410976409912,,,,,
0.0,9.11,0.03,0.2,1.7224013805389404,359.91,2.19,11.45,106.6,1.8442120552062988,0.0,0.0,9.21,100.4,1.6716723442077637,359.91,9.68,26.19,204.1,1.7222697734832764,359.91,0.0,19.61,180.5,1.7432620525360107,0.0,1.61,22.09,250.1,1.7577431201934814,359.91,5.52,17.81,267.4,1.8265886306762693,0.0,7.84,18.45,310.6,1.84381103515625,0.0,1.7,28.0,319.5,1.7007739543914795,0.0,9.09,21.73,333.7,1.895715951919556,0.0,0.66,40.0,400.0,1.7537415027618408,0.0,0.55,40.0,384.4,1.7118005752563477,0.0,9.25,40.0,400.0,1.846874713897705,0.0,0.94,40.0,341.5,1.837381362915039,0.0,1.62,26.43,312.2,1.8261373043060305,359.91,0.0,38.79,292.9,1.539454221725464,0.0,0.8,28.49,400.0,1.8322551250457764,0.0,2.13,40.0,313.5,1.8417472839355469,,,,,
0.0,9.53,0.03,0.2,1.7381505966186523,359.91,0.0,8.13,104.7,1.875444412231445,0.0,0.66,11.85,180.4,1.6973795890808103,359.91,1.22,22.09,70.4,1.737858772277832,359.91,10.27,30.51,327.3,1.7751612663269043,0.0,0.0,16.68,333.5,1.779933214187622,359.91,0.0,25.38,138.8,1.8426666259765625,0.0,1.68,30.58,400.0,1.8751888275146484,0.0,0.0,33.32,156.6,1.7244317531585691,0.0,1.78,31.96,400.0,1.911346435546875,0.0,8.64,40.0,400.0,1.7820303440093994,0.0,7.78,27.61,400.0,1.7274250984191897,0.0,1.34,35.61,400.0,1.8781437873840328,0.0,0.0,21.56,400.0,1.8693523406982424,0.0,9.17,29.08,279.8,1.8572816848754885,359.91,3.18,40.0,399.3,1.554971694946289,0.0,0.0,22.72,385.6,1.8634560108184808,0.0,0.0,40.0,282.1,1.8573920726776123,,,,,
0.0,6.47,0.03,0.1,1.7693779468536377,359.91,3.12,12.05,130.4,1.8916490077972408,0.0,10.62,21.6,170.0,1.72536301612854,359.91,0.09,13.14,154.5,1.7691473960876465,359.91,0.12,24.02,116.1,1.806720733642578,0.0,0.81,37.99,150.6,1.8052902221679688,359.91,2.69,23.96,400.0,1.881021738052368,0.0,0.0,25.81,187.7,1.8908393383026123,0.0,4.16,35.11,300.8,1.7440659999847412,0.0,0.0,29.49,208.4,1.9426679611206048,0.0,1.37,31.89,400.0,1.8071513175964355,0.0,1.53,36.11,400.0,1.7591485977172852,0.0,0.0,34.48,256.3,1.9025049209594729,0.0,3.19,34.32,400.0,1.88498330116272,0.0,1.32,40.0,297.4,1.8886098861694336,0.0,8.4,40.0,301.6,1.5863325595855713,0.0,4.64,40.0,400.0,1.8791077136993408,0.0,0.71,40.0,400.0,1.8885271549224851,,,,,
0.0,2.52,0.01,0.1,1.7849905490875244,359.91,2.59,12.61,121.9,1.9230432510375977,0.0,1.29,21.58,157.5,1.747138738632202,359.91,10.3,30.41,253.7,1.8002746105194092,359.91,0.7,29.3,203.9,1.822453260421753,0.0,9.55,14.35,258.2,1.83650803565979,359.91,4.79,22.96,269.0,1.905916452407837,0.0,3.37,32.28,251.7,1.9223780632019043,0.0,8.44,19.24,400.0,1.7597424983978271,0.0,0.76,18.21,389.4,1.975462913513184,0.0,0.0,28.87,386.1,1.8166515827178955,0.0,0.0,37.95,377.8,1.7905187606811523,0.0,3.08,40.0,400.0,1.927481889724732,0.0,5.41,40.0,400.0,1.9163079261779783,0.0,0.0,38.77,400.0,1.9042763710021973,0.0,2.0,33.0,335.0,1.617809772491455,0.0,5.58,28.58,400.0,1.9107580184936523,359.91,4.76,40.0,400.0,1.910387754440308,,,,,
0.0,1.7,0.01,0.1,1.8011212348937988,359.91,0.0,10.27,127.4,1.9542722702026367,0.0,0.0,6.35,115.6,1.7726032733917236,359.91,0.0,18.18,64.8,1.8316454887390137,359.91,6.74,15.84,182.1,1.860292673110962,0.0,1.91,26.0,397.9,1.852058172225952,359.91,0.0,26.09,111.0,1.937293291091919,0.0,8.56,18.49,257.5,1.953770875930786,0.0,1.27,40.0,400.0,1.797020673751831,0.0,9.04,33.93,400.0,2.0001091957092285,0.0,2.17,40.0,397.6,1.852508783340454,0.0,0.79,40.0,400.0,1.80612587928772,0.0,7.4,38.77,400.0,1.9518208503723145,0.0,0.62,28.25,400.0,1.9475786685943604,0.0,0.64,40.0,400.0,1.9354090690612795,0.0,0.0,40.0,288.6,1.6334552764892578,0.0,0.91,35.97,400.0,1.9263858795166016,359.91,0.0,35.03,272.8,1.9356427192687988,,,,,
0.0,0.94,0.01,0.1,1.832489252090454,359.91,11.38,10.13,105.9,1.985513925552368,0.0,0.52,14.26,129.3,1.7984659671783447,359.91,0.29,18.7,147.7,1.847270965576172,359.91,0.0,18.29,225.3,1.8851449489593504,0.0,0.0,13.26,275.1,1.884045124053955,359.91,4.15,34.32,400.0,1.9530436992645264,0.0,1.64,25.96,400.0,1.969362497329712,0.0,0.0,34.24,184.0,1.8227808475494385,0.0,2.06,40.0,324.4,2.0157973766326904,359.91,5.5,40.0,400.0,1.879880428314209,0.0,8.06,40.0,400.0,1.8373899459838867,0.0,1.47,40.0,255.2,1.9685637950897217,0.0,0.0,30.84,400.0,1.9637219905853271,0.0,7.37,25.82,400.0,1.96736741065979,0.0,2.55,40.0,268.8,1.670386791229248,0.0,0.0,30.85,400.0,1.9577531814575195,359.91,5.62,34.48,400.0,1.9668805599212649,,,,,
0.0,0.0,0.01,0.2,1.8480675220489504,359.91,1.02,18.38,81.0,2.001319646835327,0.0,8.52,11.32,154.2,1.8105888366699217,359.91,8.96,20.22,209.8,1.878401756286621,359.91,1.0,14.23,237.4,1.9007411003112795,0.0,3.43,36.41,236.1,1.899794340133667,359.91,2.71,14.9,400.0,1.984382152557373,0.0,0.0,23.28,151.5,2.000507116317749,0.0,2.31,40.0,336.6,1.8383972644805908,0.0,0.0,33.13,311.8,2.047161102294922,359.91,0.0,12.8,295.3,1.8955368995666504,0.0,1.69,40.0,249.9,1.8535826206207275,0.0,0.0,40.0,400.0,1.9999449253082275,359.91,10.62,40.0,400.0,1.994969129562378,0.0,1.39,29.24,400.0,1.9829800128936768,0.0,8.69,34.37,318.4,1.695655107498169,0.0,4.16,40.0,400.0,1.988987684249878,359.91,3.06,40.0,400.0,1.99814248085022,,,,,
0.0,0.0,0.01,0.1,1.879357099533081,359.91,0.0,15.95,143.2,2.032700300216675,0.0,2.18,19.65,173.8,1.8477575778961184,359.91,0.0,21.08,84.4,1.9103853702545168,359.91,3.72,35.16,319.4,1.9320273399353027,0.0,9.55,23.55,208.9,1.9328203201293943,359.91,0.0,26.42,210.2,2.015660047531128,0.0,2.04,27.48,282.1,2.021897315979004,0.0,7.05,26.64,400.0,1.8696317672729488,0.0,2.26,31.56,400.0,2.062781810760498,359.91,5.02,19.9,400.0,1.9266517162323,0.0,0.0,37.3,400.0,1.8849537372589111,0.0,3.07,33.87,364.0,2.0155436992645264,359.91,0.8,39.6,250.6,2.026121139526367,0.0,0.0,15.38,254.5,2.0173513889312744,0.0,1.32,40.0,400.0,1.7156600952148438,0.0,5.76,37.12,384.8,2.005113124847412,359.91,0.0,28.54,272.6,2.0138754844665527,,,,,
0.0,0.35,0.01,0.2,1.894981861114502,359.91,8.49,10.55,111.4,2.0638318061828613,0.0,0.0,9.35,160.9,1.863388538360596,359.91,0.26,14.76,185.1,1.926118850708008,359.91,0.0,11.2,158.7,1.966439247131348,0.0,2.21,18.33,316.4,1.9576222896575928,359.91,8.14,40.0,400.0,2.0443384647369385,0.0,8.96,18.43,400.0,2.053964376449585,0.0,1.18,33.0,400.0,1.901240587234497,0.0,9.97,40.0,297.8,2.093923807144165,359.91,3.14,19.09,399.8,1.9586286544799805,0.0,3.95,39.6,378.3,1.9005377292633057,0.0,7.8,40.0,259.8,2.0467867851257324,0.0,0.0,26.0,400.0,2.0418460369110107,0.0,4.74,29.14,304.6,2.028295993804932,0.0,0.0,35.61,372.9,1.731353759765625,0.0,0.86,40.0,334.2,2.036477565765381,359.91,4.26,40.0,397.6,2.0452568531036377,,,,,
0.0,1.14,0.03,0.2,1.9112002849578853,359.91,1.01,12.43,99.2,2.092347860336304,10.11,0.52,14.29,116.7,1.894756317138672,359.91,8.54,16.17,251.0,1.9682559967041016,359.91,3.22,35.81,301.0,1.995915412902832,0.0,0.0,17.83,258.5,1.9798681735992432,359.91,1.64,24.41,249.7,2.073357343673706,0.0,1.85,30.43,400.0,2.0658676624298096,0.0,0.0,37.2,258.3,1.9256689548492432,0.0,2.67,40.0,400.0,2.1252987384796143,359.91,0.0,11.59,386.6,1.990020990371704,0.0,8.56,40.0,212.9,1.9347708225250244,0.0,1.66,40.0,400.0,2.0786495208740234,0.0,6.19,31.86,400.0,2.07867431640625,0.0,7.69,40.0,319.8,2.0601394176483154,0.0,0.89,29.55,363.0,1.7626473903656006,0.0,0.0,35.8,400.0,2.052093982696533,359.91,1.7,40.0,400.0,2.076486349105835,,,,,
0.0,2.89,0.02,0.3,1.942574977874756,359.91,0.0,16.31,128.1,2.1176774501800537,0.0,10.22,13.56,130.2,1.910905599594116,359.91,0.87,24.91,99.7,1.9827008247375488,359.91,2.47,19.2,138.8,2.016083240509033,0.0,1.14,36.78,394.3,2.0051443576812744,359.91,0.0,36.63,247.0,2.08948826789856,0.0,0.0,29.56,147.2,2.097229242324829,0.0,1.78,40.0,335.6,1.9435431957244875,0.0,0.0,21.73,368.3,2.1409130096435547,359.91,7.78,40.0,393.4,2.005623579025269,0.0,2.04,40.0,400.0,1.9639220237731927,0.0,0.0,19.9,287.0,2.094400882720948,0.0,4.55,40.0,400.0,2.103987455368042,0.0,1.52,40.0,400.0,2.0758864879608154,0.0,8.8,27.9,400.0,1.7938530445098877,0.0,4.77,37.62,386.7,2.083362579345703,359.91,0.0,40.0,400.0,2.107717037200928,,,,,
0.0,10.07,0.03,0.3,1.9581561088562007,359.91,11.02,10.1,113.2,2.1344168186187744,0.0,1.46,11.85,163.4,1.9422683715820312,359.91,0.53,12.11,212.4,2.014615535736084,359.91,0.0,12.84,291.6,2.04876971244812,0.0,10.68,40.0,247.6,2.03633189201355,359.91,9.24,28.41,365.6,2.120840072631836,0.0,2.93,27.53,266.3,2.1189849376678467,0.0,7.69,28.29,400.0,1.974797964096069,359.91,3.94,31.94,400.0,2.172060251235962,359.91,1.68,40.0,389.5,2.03682804107666,0.0,0.0,12.54,303.4,1.9845356941223145,0.0,2.68,40.0,285.7,2.125641107559204,0.0,0.9,40.0,400.0,2.115910291671753,0.0,0.0,40.0,400.0,2.1071207523345947,0.0,1.33,40.0,400.0,1.8101041316986084,0.0,5.95,40.0,336.6,2.115210056304932,359.91,10.75,38.77,345.5,2.123455047607422,,,,,
0.0,7.23,0.02,0.2,1.9894664287567136,359.91,0.0,7.24,59.3,2.165820837020874,0.0,0.0,11.35,153.3,1.973520278930664,359.91,8.24,14.22,229.4,2.045957088470459,359.91,4.74,33.83,141.0,2.0644919872283936,0.0,1.14,24.3,400.0,2.052044630050659,359.91,1.02,27.73,382.8,2.141590118408203,0.0,9.51,21.26,400.0,2.144305944442749,0.0,1.22,33.71,400.0,1.9988958835601809,0.0,5.58,40.0,326.2,2.204019546508789,359.91,0.0,35.64,384.9,2.068576574325561,0.0,1.82,40.0,264.7,2.000265121459961,0.0,8.42,40.0,400.0,2.141243934631348,0.0,0.0,30.71,400.0,2.147158145904541,0.0,4.57,29.69,400.0,2.138376951217652,0.0,0.0,19.99,303.2,1.841472864151001,0.0,0.95,40.0,400.0,2.130947589874268,359.91,0.89,40.0,306.4,2.154837131500244,,,,,
0.0,2.81,0.02,0.2,2.0052380561828613,359.91,0.2,12.12,119.1,2.1975672245025635,0.0,1.91,22.99,167.3,1.9992752075195312,359.91,0.0,21.47,128.8,2.075165271759033,0.0,2.92,13.73,242.5,2.099040269851685,0.0,0.0,27.97,296.2,2.083945035934448,0.0,0.0,19.97,389.3,2.1683406829833984,0.0,1.43,40.0,374.6,2.1755895614624023,0.0,0.0,34.49,212.7,2.02213716506958,0.0,1.29,40.0,400.0,2.21976089477539,359.91,10.06,40.0,338.1,2.10010838508606,0.0,9.17,38.31,400.0,2.031517744064331,0.0,1.73,25.63,232.0,2.1728503704071045,0.0,5.26,40.0,324.4,2.177185297012329,0.0,7.85,31.53,400.0,2.1546077728271484,0.0,0.42,32.17,400.0,1.8571093082427976,0.0,0.0,40.0,351.1,2.165964365005493,359.91,0.0,33.41,400.0,2.18746280670166,,,,,
0.0,1.84,0.0,0.2,2.0209827423095703,359.91,9.71,12.02,112.0,2.213282585144043,0.0,8.76,9.97,130.7,2.020604133605957,359.91,0.79,12.76,186.7,2.1012067794799805,0.0,0.0,18.88,106.7,2.1141486167907715,0.0,0.68,35.01,156.9,2.115325450897217,0.0,2.12,40.0,165.5,2.199711322784424,0.0,0.0,31.77,108.4,2.191101551055908,0.0,1.16,23.32,285.4,2.0377583503723145,0.0,0.0,27.76,400.0,2.251016139984131,359.91,1.04,39.69,379.1,2.1158597469329834,0.0,2.12,23.98,269.5,2.0633814334869385,0.0,0.0,22.55,269.1,2.188612222671509,0.0,4.85,40.0,400.0,2.1977663040161133,0.0,1.51,28.93,400.0,2.185963153839112,0.0,7.36,37.95,400.0,1.8882906436920168,0.0,5.14,40.0,325.3,2.184561014175415,359.91,5.87,40.0,302.8,2.210869550704956,,,,,
0.0,1.09,0.02,0.1,2.0522077083587646,359.91,1.0,10.52,69.8,2.2524964809417725,0.0,2.43,13.76,131.0,2.036224603652954,359.91,4.82,15.64,286.3,2.114842176437378,0.0,0.0,18.85,301.4,2.145528793334961,0.0,9.41,27.68,218.3,2.1395273208618164,0.0,7.64,40.0,277.8,2.2153308391571045,0.0,2.6,24.42,400.0,2.223113775253296,0.0,8.52,21.36,374.5,2.0689949989318848,10.28,4.92,31.38,321.5,2.266565084457397,0.0,0.0,38.28,396.7,2.147088050842285,0.0,0.0,40.0,197.5,2.079005241394043,0.0,2.69,26.67,400.0,2.219825506210327,0.0,0.2,40.0,353.1,2.2134335041046143,0.0,0.0,18.12,281.8,2.2172234058380127,0.0,1.34,27.97,400.0,1.919783353805542,0.0,6.6,40.0,313.5,2.202409505844116,359.91,0.0,38.8,400.0,2.240240335464477,,,,,
0.0,0.0,0.01,0.1,2.0678560733795166,359.91,0.26,13.19,126.6,2.266907453536988,359.91,0.0,10.99,195.0,2.0674641132354736,359.91,0.0,14.56,178.2,2.14621901512146,0.0,9.16,35.72,329.9,2.1773786544799805,0.0,1.45,22.4,239.1,2.162402391433716,0.0,1.18,24.37,247.8,2.2470269203186035,0.0,10.24,22.24,400.0,2.2543742656707764,0.0,1.59,29.63,374.8,2.10075044631958,0.0,4.97,27.44,373.0,2.298480987548828,0.0,5.14,40.0,196.1,2.16283917427063,0.0,0.78,34.32,400.0,2.111735820770264,0.0,8.68,30.76,267.1,2.250975608825684,0.0,0.0,40.0,246.2,2.244703769683838,0.0,4.77,40.0,389.4,2.232855319976806,0.0,0.0,16.33,344.8,1.935407638549805,0.0,1.18,40.0,349.3,2.232280731201172,359.91,0.51,40.0,397.7,2.2613766193389893,,,,,
0.0,0.0,0.01,0.1,2.099112272262573,359.91,8.32,13.28,125.3,2.298637866973877,359.91,11.72,20.99,160.6,2.099721670150757,359.91,3.36,10.87,212.4,2.177343845367432,0.0,3.45,30.74,164.7,2.193121194839477,0.0,0.0,14.72,299.0,2.180683851242065,0.0,0.0,18.49,381.2,2.278358459472656,0.0,1.3,37.0,220.8,2.2790822982788086,0.0,0.0,20.77,192.3,2.116490840911865,0.0,0.0,40.0,112.0,2.314234733581543,0.0,6.04,39.57,400.0,2.1941943168640137,0.0,9.34,23.45,253.1,2.134735345840454,0.0,1.75,40.0,383.2,2.266709089279175,0.0,5.23,40.0,400.0,2.2643580436706543,0.0,8.2,40.0,400.0,2.2667059898376465,0.0,0.36,36.63,400.0,1.9666509628295896,0.0,0.0,35.97,289.4,2.2635385990142822,359.91,4.96,32.13,400.0,2.300652027130127,,,,,
0.0,0.0,0.02,0.2,2.115248918533325,359.91,0.69,11.86,73.2,2.3300013542175293,359.91,1.03,14.51,137.7,2.1305737495422363,359.91,4.83,14.61,255.8,2.208909749984741,0.0,0.0,14.22,129.3,2.224365472793579,0.0,3.3,39.13,204.5,2.2137036323547363,0.0,2.26,40.0,198.5,2.294008016586304,0.0,0.0,10.83,216.3,2.298492908477783,0.0,1.16,39.79,243.4,2.1477272510528564,0.0,0.0,25.13,341.1,2.345482110977173,0.0,0.68,40.0,329.4,2.209826707839966,0.0,1.4,40.0,327.2,2.149981737136841,0.0,0.0,17.02,372.9,2.298076629638672,0.0,5.26,39.63,354.8,2.291996717453003,0.0,1.76,40.0,400.0,2.2913169860839844,0.0,7.63,32.81,400.0,1.98225998878479,0.0,5.38,40.0,323.4,2.2926204204559326,359.91,0.0,40.0,282.7,2.3113255500793457,,,,,
0.0,1.02,0.02,0.2,2.130992889404297,359.91,0.06,10.62,101.9,2.3456406593322754,359.91,0.28,15.92,202.8,2.146206855773926,359.91,0.0,13.65,203.7,2.2246642112731934,0.0,0.0,19.03,279.0,2.239983558654785,0.0,7.16,22.01,192.5,2.2382333278656006,0.0,6.21,26.92,230.1,2.325263738632202,0.0,1.3,26.64,400.0,2.319352626800537,0.0,9.16,23.26,291.0,2.1632509231567383,0.0,2.83,27.97,351.9,2.3811514377593994,0.0,0.0,40.0,191.3,2.253468513488769,0.0,0.0,16.82,298.6,2.1813437938690186,0.0,2.61,30.37,400.0,2.313689708709717,0.0,0.52,40.0,183.6,2.323373317718506,0.0,0.0,21.93,400.0,2.315164089202881,0.0,1.53,31.22,400.0,2.0136396884918213,0.0,6.76,40.0,326.8,2.317457675933838,359.91,5.61,40.0,400.0,2.3426969051361084,,,,,
0.0,1.51,0.01,0.2,2.161340475082397,359.91,8.31,16.43,180.0,2.385957717895508,359.91,8.44,19.56,183.5,2.1808176040649414,359.91,2.6,13.5,144.6,2.255902051925659,0.0,9.29,35.6,299.5,2.2714955806732178,0.0,1.34,18.33,239.5,2.2577695846557617,359.91,0.0,36.25,247.6,2.3419809341430664,0.0,6.77,40.0,218.3,2.345738172531128,0.0,1.73,24.76,400.0,2.199939727783203,0.0,4.88,37.95,241.2,2.396834373474121,0.0,4.76,39.08,400.0,2.2780916690826416,0.0,0.76,30.22,207.6,2.212600946426392,0.0,9.01,40.0,383.4,2.344943761825561,0.0,0.0,40.0,400.0,2.3388702869415283,0.0,4.14,35.77,400.0,2.3264315128326416,0.0,0.0,23.23,389.4,2.029365062713623,0.0,1.34,40.0,320.7,2.335177183151245,359.91,2.83,40.0,308.6,2.373917818069458,,,,,
0.0,8.06,0.03,0.4,2.187305927276612,359.91,0.0,16.08,76.4,2.408890008926392,359.91,0.0,9.79,83.5,2.2090163230896,359.91,2.96,14.65,235.9,2.287137031555176,0.0,4.24,29.74,318.4,2.3027453422546387,359.91,0.0,32.38,163.6,2.2904036045074463,349.45,1.98,26.09,400.0,2.372721910476685,0.0,1.35,32.44,254.0,2.376974582672119,0.0,0.0,35.38,215.4,2.2250311374664307,0.0,0.06,23.81,183.1,2.428205728530884,0.0,4.37,19.49,389.8,2.2994155883789062,0.0,9.87,38.44,375.2,2.228235006332397,0.0,1.39,24.47,400.0,2.376812696456909,0.0,4.48,34.13,263.0,2.3707025051116943,0.0,8.26,34.71,400.0,2.3583977222442627,0.0,4.3,28.08,400.0,2.060518980026245,0.0,0.0,40.0,298.1,2.3663225173950195,359.91,0.0,31.71,374.5,2.405195713043213,,,,,
10.11,7.88,0.03,0.2,2.2080464363098145,359.91,0.26,11.15,114.4,2.440274477005005,359.91,0.0,12.94,109.1,2.230752468109131,359.91,0.0,16.0,253.4,2.319112062454224,0.0,0.31,28.86,112.9,2.318368673324585,359.91,11.59,24.25,400.0,2.306025981903076,359.91,5.42,40.0,274.8,2.40737247467041,0.0,0.0,10.42,400.0,2.392687559127808,0.0,0.96,40.0,203.0,2.2440555095672607,0.0,0.0,28.06,400.0,2.443824052810669,0.0,0.66,40.0,162.9,2.327683687210083,0.0,1.49,20.88,400.0,2.26006293296814,0.0,0.0,20.88,400.0,2.402120590209961,0.0,3.52,40.0,308.5,2.402094602584839,0.0,1.36,40.0,400.0,2.3896546363830566,0.0,7.86,27.93,400.0,2.0918731689453125,0.0,5.63,40.0,400.0,2.382054328918457,359.91,4.36,40.0,400.0,2.421327829360962,,,,,
0.0,4.9,0.02,0.1,2.223824977874756,359.91,9.08,8.19,93.1,2.455893516540528,359.91,10.18,19.21,162.9,2.26210618019104,359.91,7.43,12.17,130.3,2.34393572807312,0.0,0.07,22.64,202.3,2.349684715270996,359.91,0.0,13.5,135.8,2.337397336959839,359.91,0.0,26.62,174.3,2.433957099914551,0.0,3.06,30.37,400.0,2.424201250076294,0.0,9.1,27.22,400.0,2.259803056716919,0.0,4.85,37.45,264.7,2.465191125869751,0.0,0.0,35.77,400.0,2.352074384689331,0.0,0.0,21.58,400.0,2.2757863998413086,0.0,3.17,40.0,394.3,2.426633596420288,0.0,0.74,40.0,348.1,2.417692184448242,0.0,0.0,40.0,294.1,2.4052770137786865,0.0,1.69,37.95,400.0,2.108137845993042,0.0,7.14,40.0,329.1,2.413947582244873,359.91,1.98,40.0,400.0,2.452685594558716,,,,,
0.0,2.04,0.01,0.1,2.2395153045654297,359.91,1.24,10.75,107.1,2.4877688884735107,359.91,0.0,13.75,61.8,2.277761459350586,359.91,1.81,15.78,145.7,2.366302251815796,0.0,5.07,18.0,286.9,2.365885019302368,359.91,0.67,37.46,400.0,2.3686344623565674,359.91,3.64,23.32,400.0,2.456928968429565,0.0,7.05,40.0,195.1,2.4399077892303467,0.0,1.99,19.33,400.0,2.2976603507995605,0.0,3.95,18.24,377.8,2.5040786266326904,0.0,4.72,19.59,372.2,2.367026805877685,0.0,0.51,40.0,367.9,2.3070180416107178,359.91,5.25,40.0,400.0,2.452526569366455,0.0,0.0,20.56,276.2,2.44893217086792,0.0,3.82,40.0,371.8,2.436636447906494,0.0,0.0,30.85,400.0,2.1400108337402344,0.0,1.01,40.0,366.3,2.429779052734375,359.91,0.0,27.51,378.2,2.483949661254883,,,,,
0.0,1.16,0.02,0.1,2.2708888053894043,359.91,0.0,10.39,116.2,2.503625631332397,359.91,2.29,16.53,132.2,2.309638023376465,359.91,0.0,20.71,210.5,2.397547960281372,0.0,4.63,36.0,340.0,2.397331714630127,359.91,6.51,22.35,209.2,2.4006080627441406,359.91,3.18,23.83,244.1,2.4882848262786865,0.0,1.52,26.81,265.8,2.471179485321045,0.0,0.0,36.22,325.2,2.322830438613892,0.0,0.39,33.4,356.8,2.51613998413086,0.0,4.82,40.0,199.1,2.398398160934448,0.0,8.13,25.7,400.0,2.338301420211792,359.91,0.0,20.49,400.0,2.480527877807617,0.0,8.84,34.24,389.8,2.4748077392578125,0.0,8.76,40.0,347.0,2.452792167663574,0.0,3.34,30.44,400.0,2.155658721923828,0.0,0.0,40.0,361.3,2.461044788360596,359.91,10.87,40.0,349.8,2.5158021450042725,,,,,
0.0,0.0,0.02,0.2,2.286431312561035,359.91,10.22,5.81,71.4,2.5349690914154053,359.91,7.62,22.88,192.0,2.3409948348999023,359.91,11.3,21.7,125.2,2.41379189491272,0.0,0.88,30.03,97.7,2.413015842437744,359.91,0.0,24.52,81.8,2.4162371158599854,359.91,0.0,28.24,152.6,2.5038058757781982,0.0,0.0,13.45,400.0,2.502445936203003,0.0,0.78,40.0,328.8,2.3385350704193115,0.0,0.0,40.0,322.4,2.548018217086792,0.0,1.01,36.82,336.4,2.414008617401123,0.0,1.66,36.0,400.0,2.354054927825928,359.91,2.83,40.0,366.8,2.501253843307495,0.0,3.8,34.19,400.0,2.4960691928863525,0.0,1.16,40.0,364.5,2.4840517044067383,0.0,8.2,33.52,400.0,2.195155620574951,0.0,5.64,40.0,335.8,2.4767775535583496,359.91,0.82,30.99,400.0,2.5315639972686768,,,,,
0.0,0.0,0.01,0.2,2.317879676818848,359.91,1.85,11.11,134.7,2.566255569458008,359.91,0.0,22.42,81.6,2.368682622909546,359.91,1.1,15.49,106.6,2.4505293369293213,0.0,0.0,23.94,154.1,2.450819969177246,359.91,1.69,13.58,267.1,2.44748592376709,359.91,4.57,27.78,400.0,2.5422041416168213,0.0,2.06,40.0,365.8,2.521751880645752,0.0,9.39,39.3,379.5,2.369748115539551,0.0,2.89,40.0,396.0,2.563761711120605,0.0,0.0,15.14,360.2,2.4452497959136963,0.0,0.0,37.45,359.7,2.38538670539856,359.91,2.97,40.0,400.0,2.5326313972473145,0.0,0.65,28.66,180.7,2.5116829872131348,0.0,0.0,28.38,280.4,2.516619205474853,0.0,1.9,40.0,400.0,2.215952157974243,0.0,7.39,35.54,392.7,2.508160352706909,359.91,0.27,38.94,360.5,2.562758207321167,,,,,
0.0,0.0,0.01,0.2,2.3336312770843506,359.91,0.09,12.17,119.0,2.5995798110961914,359.91,0.28,13.04,190.4,2.3964900970458984,359.91,0.7,23.07,245.4,2.4801554679870605,0.0,3.54,13.45,204.8,2.47597336769104,359.91,4.82,40.0,189.6,2.479923725128174,359.91,1.92,17.51,265.7,2.568502902984619,0.0,7.56,40.0,160.1,2.553246021270752,0.0,1.51,32.97,400.0,2.3979103565216064,0.0,3.88,32.4,400.0,2.5955753326416016,0.0,6.34,40.0,207.6,2.4614923000335693,0.0,0.63,40.0,400.0,2.401038408279419,359.91,0.0,40.0,400.0,2.548133850097656,0.0,0.0,31.5,400.0,2.5435473918914795,0.0,1.97,40.0,400.0,2.541351079940796,0.0,0.0,22.99,400.0,2.244342565536499,0.0,1.11,40.0,400.0,2.539519786834717,0.0,9.98,40.0,339.9,2.594045877456665,,,,,
0.0,0.6,0.02,0.2,2.34932827949524,359.91,10.24,10.23,123.0,2.628491401672364,359.91,6.62,13.83,161.5,2.4127063751220703,359.91,6.62,16.01,113.0,2.502335548400879,0.0,6.97,21.25,267.1,2.4987385272979736,359.91,0.0,12.3,252.9,2.506512403488159,359.91,0.0,34.45,209.9,2.591045618057251,0.0,1.7,20.86,400.0,2.56589412689209,0.0,0.0,28.2,369.4,2.417120218276977,0.0,0.8,40.0,194.9,2.611325740814209,0.0,5.19,34.83,335.7,2.4928555488586426,0.0,8.42,40.0,400.0,2.43433690071106,359.91,8.5,40.0,333.8,2.5796573162078857,0.0,8.12,25.65,400.0,2.5783369541168213,0.0,7.01,32.7,400.0,2.5599923133850098,0.0,2.2,26.79,400.0,2.263788938522339,0.0,0.0,36.22,400.0,2.5551135540008545,0.0,2.62,40.0,350.4,2.611300468444824,,,,,
0.0,2.56,0.01,0.3,2.3805923461914062,359.91,0.0,12.41,87.4,2.650479316711426,359.91,0.0,10.4,98.8,2.4440884590148926,359.91,0.0,16.8,114.6,2.531689643859864,0.0,0.91,34.92,282.9,2.514484167098999,359.91,3.14,25.53,245.1,2.5222630500793457,359.91,8.03,23.99,400.0,2.6223700046539307,0.0,0.0,17.23,382.8,2.5972769260406494,0.0,2.6,40.0,287.2,2.4501330852508545,0.0,0.0,37.51,400.0,2.642531156539917,0.0,0.86,21.37,220.8,2.524099111557007,0.0,1.8,40.0,400.0,2.46358585357666,359.91,1.64,40.0,271.5,2.6110289096832275,0.0,3.94,31.54,400.0,2.6032729148864746,0.0,1.36,33.75,400.0,2.575731039047241,0.0,8.45,31.18,400.0,2.279406785964966,0.0,4.83,36.35,384.4,2.586410522460937,0.0,0.0,40.0,200.2,2.6411263942718506,,,,,
0.0,2.61,0.02,0.3,2.403926610946656,359.91,0.55,10.74,106.6,2.681882858276367,359.91,0.48,11.66,126.6,2.4752871990203857,359.91,0.54,24.67,240.0,2.547307014465332,0.0,0.0,22.73,312.5,2.5456271171569824,359.91,4.2,34.81,371.7,2.5533909797668457,0.0,3.21,40.0,194.2,2.642076015472412,0.0,1.58,40.0,316.4,2.6289772987365723,0.0,7.87,39.99,391.0,2.460979461669922,0.0,4.24,39.93,400.0,2.6738181114196777,0.0,0.0,24.11,223.2,2.5397276878356934,0.0,0.0,37.76,400.0,2.484605073928833,359.91,0.0,40.0,343.7,2.642273664474488,0.0,0.6,40.0,323.4,2.627843379974365,0.0,0.0,21.55,243.2,2.606966972351074,0.0,1.28,39.76,400.0,2.311265230178833,0.0,5.79,40.0,400.0,2.603160858154297,0.0,0.31,40.0,344.8,2.6566712856292725,,,,,
0.0,10.7,0.04,0.3,2.427698373794556,359.91,6.64,15.19,134.0,2.69800329208374,359.91,7.57,12.87,139.0,2.499954462051392,359.91,4.56,14.23,126.6,2.578538417816162,0.0,1.48,30.78,185.8,2.561246395111084,359.91,0.0,14.28,144.2,2.584876298904419,0.0,0.0,13.58,165.7,2.66988468170166,0.0,8.36,40.0,261.8,2.644721746444702,0.0,1.68,28.64,400.0,2.497955560684204,0.0,4.77,40.0,203.2,2.69405484199524,0.0,3.42,31.77,339.2,2.5714902877807617,0.0,1.61,39.43,378.6,2.5002787113189697,359.91,10.32,26.89,280.0,2.6675193309783936,0.0,0.0,25.72,400.0,2.647756099700928,0.0,1.7,31.73,266.1,2.638237953186035,0.0,0.0,19.52,400.0,2.342540979385376,0.0,1.1,40.0,400.0,2.6340441703796387,0.0,10.63,40.0,400.0,2.6880342960357666,,,,,
0.0,5.35,0.01,0.2,2.443313837051392,359.91,0.0,6.15,51.9,2.7293357849121094,359.91,0.0,8.61,96.3,2.5228476524353027,359.91,0.0,8.41,90.6,2.6155145168304443,0.0,5.3,22.51,205.0,2.598297119140625,359.91,2.44,39.39,204.5,2.600618839263916,0.0,0.35,22.45,400.0,2.685573101043701,0.0,1.82,18.48,400.0,2.6758527755737305,0.0,0.0,31.89,176.8,2.523787021636963,0.0,0.86,28.8,344.3,2.7213826179504395,0.0,5.02,24.86,400.0,2.587193012237549,0.0,9.01,40.0,212.0,2.531550884246826,359.91,1.11,40.0,400.0,2.6898796558380127,0.0,7.56,38.89,400.0,2.664872407913208,0.0,7.17,40.0,297.9,2.6543800830841064,0.0,0.83,31.67,400.0,2.366917610168457,359.91,0.0,38.28,400.0,2.6652586460113525,0.0,1.99,40.0,378.0,2.7225124835968018,,,,,
0.0,2.24,0.02,0.3,2.458924531936645,359.91,0.0,9.68,123.4,2.745002269744873,359.91,0.33,18.21,163.2,2.5540921688079834,359.91,0.44,15.21,254.9,2.63163423538208,0.0,1.08,17.82,269.1,2.614463329315185,359.91,2.78,23.59,347.5,2.631831645965576,359.91,8.36,40.0,256.0,2.716693878173828,0.0,0.0,28.38,386.1,2.691591262817383,0.0,1.9,40.0,323.6,2.5394375324249268,0.0,0.0,40.0,353.0,2.752678871154785,0.0,0.86,34.58,148.4,2.618443250656128,20.21,0.98,37.51,296.2,2.563472986221313,359.91,1.7,39.93,400.0,2.7211358547210693,0.0,3.94,40.0,400.0,2.701899528503418,0.0,1.42,40.0,273.1,2.685765504837036,0.0,8.79,38.77,400.0,2.389899969100952,359.91,8.84,40.0,288.2,2.6943538188934326,0.0,0.0,40.0,212.5,2.741105794906616,,,,,
0.0,1.28,0.02,0.1,2.49018669128418,359.91,9.96,11.05,132.4,2.7846386432647705,359.91,9.52,14.41,126.0,2.5696394443511963,359.91,8.3,22.21,220.4,2.663227796554565,0.0,0.0,24.68,329.1,2.645833730697632,359.91,0.0,16.74,204.2,2.6631247997283936,359.91,0.0,32.64,198.5,2.748168468475342,0.0,1.53,40.0,243.8,2.723360776901245,0.0,8.36,22.99,348.1,2.5705699920654297,0.0,4.06,40.0,226.3,2.7683072090148926,0.0,0.0,24.89,344.8,2.649728536605835,359.91,0.0,34.65,366.0,2.57909631729126,359.91,6.3,40.0,267.3,2.7367663383483887,0.0,0.82,40.0,400.0,2.715004205703736,0.0,0.0,40.0,400.0,2.7169976234436035,0.0,1.29,30.1,400.0,2.406130075454712,359.91,0.74,40.0,400.0,2.717398405075073,0.0,0.63,40.0,344.8,2.7711541652679443,,,,,
0.0,0.0,0.01,0.1,2.5059335231781006,359.91,1.29,10.26,83.8,2.799924612045288,359.91,0.97,16.53,106.5,2.6010847091674805,359.91,0.0,6.96,121.3,2.678852081298828,0.0,2.83,30.49,185.3,2.661449193954468,359.91,9.55,37.2,386.5,2.694967746734619,359.91,2.63,27.38,400.0,2.7795310020446777,0.0,8.91,34.78,339.9,2.7391111850738525,0.0,1.77,31.86,400.0,2.598435640335083,0.0,4.96,20.25,400.0,2.8001623153686523,0.0,4.8,28.31,400.0,2.6654586791992188,359.91,8.24,35.18,367.6,2.6103062629699707,359.91,0.0,40.0,400.0,2.76797103881836,0.0,0.0,39.27,376.7,2.7458739280700684,0.0,4.44,26.78,400.0,2.7326109409332275,0.0,0.0,16.13,400.0,2.437385320663452,359.91,0.31,40.0,360.8,2.7331559658050537,0.0,8.9,40.0,330.0,2.7961792945861816,,,,,
0.0,0.0,0.01,0.1,2.537285566329956,359.91,0.0,10.37,113.8,2.8312580585479736,359.91,3.2,21.37,162.3,2.632408618927002,359.91,0.73,16.52,154.8,2.710600137710572,10.11,4.4,18.19,192.4,2.6928153038024902,359.91,1.93,26.03,229.4,2.725948572158813,359.91,5.36,23.53,256.6,2.7950592041015625,0.0,1.32,29.9,400.0,2.770313739776612,0.0,0.0,22.66,135.7,2.625707626342773,0.0,0.88,32.91,150.5,2.816472291946411,0.0,5.85,36.13,292.5,2.6968233585357666,359.91,0.85,23.17,354.7,2.646623611450196,359.91,3.07,37.45,394.2,2.79935359954834,0.0,7.12,40.0,272.6,2.765143394470215,0.0,7.45,29.91,400.0,2.766574144363404,0.0,0.39,33.99,400.0,2.468738317489624,359.91,5.79,40.0,400.0,2.770531415939331,0.0,2.19,40.0,361.3,2.820570945739746,,,,,
0.0,0.0,0.01,0.2,2.552927255630493,359.91,11.9,11.68,110.7,2.86253309249878,359.91,6.76,13.7,143.6,2.6635844707489014,359.91,6.91,24.89,248.0,2.74197006225586,0.0,0.65,21.29,125.8,2.7240653038024902,359.91,0.0,30.54,188.5,2.7503085136413574,359.91,0.0,28.16,99.1,2.8263027667999268,0.0,0.0,31.65,349.8,2.803064107894897,0.0,3.84,32.68,296.9,2.6493515968322754,0.0,0.0,37.32,309.0,2.847541570663452,0.0,0.85,40.0,248.4,2.7124390602111816,359.91,0.59,24.9,246.8,2.6679940223693848,0.0,7.44,40.0,258.7,2.8305978775024414,0.0,4.38,40.0,400.0,2.793007135391236,0.0,1.36,27.61,390.3,2.791048765182495,0.0,9.18,40.0,400.0,2.484371423721313,359.91,0.0,35.97,394.3,2.8045363426208496,0.0,0.0,40.0,316.8,2.8410866260528564,,,,,
0.0,0.02,0.02,0.2,2.5685365200042725,359.91,1.02,4.96,43.3,2.884169101715088,359.91,0.0,7.64,110.9,2.692072868347168,359.91,0.0,21.62,73.5,2.7732059955596924,0.0,0.0,20.05,301.7,2.7396788597106934,359.91,10.14,20.72,355.5,2.774085998535156,359.91,2.68,16.97,381.1,2.857644557952881,0.0,2.1,40.0,265.4,2.8200957775115967,0.0,8.91,17.64,346.5,2.664956569671631,0.0,4.2,21.47,377.8,2.863304376602173,0.0,0.0,26.07,400.0,2.749101161956787,359.91,7.13,30.9,241.0,2.699357032775879,0.0,1.61,40.0,394.3,2.8462276458740234,0.0,0.0,40.0,169.3,2.8245882987976074,359.91,0.0,29.63,400.0,2.810619831085205,0.0,1.32,31.25,400.0,2.516207218170166,359.91,1.32,40.0,345.1,2.819434881210327,0.0,0.65,40.0,400.0,2.85675311088562,,,,,
0.0,0.76,0.02,0.2,2.6044065952301025,359.91,0.0,12.23,103.7,2.919196605682373,359.91,0.49,16.73,199.4,2.714062213897705,359.91,1.42,18.77,157.2,2.8024237155914307,0.0,4.42,32.36,238.1,2.770942687988281,359.91,0.0,25.92,142.1,2.806065082550049,10.55,6.26,39.86,270.9,2.873266696929932,0.0,9.55,37.12,281.3,2.8474056720733643,0.0,2.08,29.47,379.5,2.699789047241211,0.0,5.66,31.53,184.0,2.9052367210388184,0.0,5.02,37.12,308.6,2.778249740600586,359.91,0.0,39.1,178.7,2.714911699295044,0.0,0.0,15.29,214.8,2.878002643585205,359.91,3.29,40.0,362.7,2.84033203125,359.91,8.49,32.04,400.0,2.841853141784668,0.0,0.0,19.78,356.4,2.5319411754608154,359.91,3.24,40.0,400.0,2.850783348083496,10.11,7.26,40.0,350.8,2.8879857063293457,,,,,
0.0,2.86,0.02,0.2,2.6159887313842773,359.91,10.9,12.07,97.5,2.941178560256958,359.91,6.06,11.44,111.0,2.7453322410583496,359.91,7.06,24.67,266.2,2.820597887039185,0.0,4.77,19.92,127.3,2.7867109775543213,359.91,0.66,39.1,199.4,2.82170033454895,0.0,1.41,27.26,250.5,2.912999391555786,0.0,1.44,25.6,400.0,2.8630359172821045,0.0,0.0,21.86,139.8,2.724207878112793,0.0,0.65,32.75,197.9,2.914627313613892,0.0,6.14,40.0,372.9,2.800400972366333,359.91,3.96,39.77,357.1,2.7467362880706787,0.0,2.35,35.37,342.1,2.9062814712524414,359.91,5.3,31.65,400.0,2.872086524963379,359.91,0.91,30.42,400.0,2.8574981689453125,0.0,0.31,39.76,400.0,2.563193798065185,359.91,0.0,22.69,304.3,2.8820390701293945,0.0,0.82,40.0,344.8,2.9198029041290283,,,,,
0.0,11.6,0.04,0.4,2.647364616394043,359.91,1.07,13.13,61.0,2.9725375175476074,359.91,0.0,6.86,67.7,2.761071920394897,359.91,0.0,21.6,89.9,2.851926803588867,0.0,0.95,17.83,105.5,2.8180980682373047,359.91,6.68,20.3,400.0,2.852905035018921,0.0,0.0,11.67,400.0,2.937594413757324,0.0,0.0,31.2,352.2,2.8942975997924805,0.0,2.34,34.42,304.6,2.744080066680908,0.0,0.0,21.38,400.0,2.946122169494629,0.0,0.69,31.49,400.0,2.8161263465881348,359.91,4.18,31.1,400.0,2.7780885696411133,0.0,8.04,33.51,400.0,2.929948806762696,359.91,0.0,22.95,241.8,2.9034223556518555,359.91,0.0,38.87,400.0,2.8888697624206543,0.0,7.66,27.99,400.0,2.5788161754608154,0.0,0.3,40.0,400.0,2.9037866592407227,0.0,0.0,40.0,364.6,2.935475826263428,,,,,
0.0,6.18,0.03,0.2,2.6675682067871094,359.91,0.0,11.09,162.4,2.988643407821656,359.91,0.21,22.75,173.1,2.792314291000366,359.91,1.03,11.72,218.4,2.8675386905670166,0.0,0.0,17.37,341.9,2.8494532108306885,359.91,0.0,23.58,156.2,2.8848228454589844,0.0,1.75,40.0,400.0,2.956218242645264,0.0,2.73,40.0,309.6,2.925884962081909,0.0,9.62,18.99,298.3,2.759755373001098,0.0,3.08,36.79,227.1,2.967864990234375,0.0,0.0,31.84,400.0,2.851492404937744,359.91,0.0,14.03,286.1,2.7938356399536133,0.0,1.64,28.3,242.8,2.951866388320923,359.91,3.49,40.0,400.0,2.9347023963928223,359.91,7.39,40.0,400.0,2.9201159477233887,0.0,1.54,27.61,400.0,2.6102001667022705,0.0,9.77,40.0,400.0,2.929109811782837,0.0,5.03,40.0,351.4,2.966809034347534,,,,,
0.0,3.46,0.02,0.2,2.691253185272217,359.91,9.21,9.92,114.1,3.0199978351593018,359.91,9.06,22.5,152.2,2.8085570335388184,359.91,5.86,15.2,255.8,2.90269136428833,0.0,3.72,33.35,302.7,2.8656790256500244,0.0,0.35,24.35,343.2,2.9005792140960693,0.0,6.98,40.0,234.3,2.9719629287719727,0.0,7.92,25.08,349.8,2.94162917137146,0.0,2.31,31.93,373.2,2.790996551513672,0.0,5.92,40.0,321.8,3.0035367012023926,0.0,5.01,40.0,379.5,2.866507768630981,359.91,3.2,40.0,246.9,2.825093030929565,0.0,0.0,24.35,303.0,2.9797723293304443,359.91,2.81,35.97,400.0,2.950319766998291,359.91,0.0,24.84,400.0,2.9512758255004883,0.0,0.0,22.31,381.1,2.64156174659729,0.0,1.64,40.0,298.8,2.9446663856506348,0.0,7.32,35.25,400.0,2.982429981231689,,,,,
0.0,1.57,0.02,0.1,2.7066097259521484,359.91,1.66,15.61,145.8,3.0511488914489746,359.91,0.0,15.16,102.5,2.8398916721343994,359.91,0.0,14.38,168.0,2.9343295097351074,0.0,4.54,31.66,140.2,2.897039890289306,0.0,8.1,38.74,351.5,2.931814670562744,0.0,1.6,27.06,240.4,3.0031521320343018,0.0,1.52,30.77,400.0,2.972881555557251,0.0,0.0,34.19,114.5,2.8224923610687256,0.0,0.87,31.56,400.0,3.01474666595459,10.11,3.2,40.0,222.2,2.8978872299194336,359.91,2.49,40.0,228.8,2.8569252490997314,0.0,2.54,23.49,400.0,3.004534959793091,359.91,0.0,35.97,171.2,2.981678009033203,359.91,3.97,38.61,400.0,2.96740460395813,0.0,4.64,40.0,400.0,2.657193422317505,0.0,0.0,38.11,400.0,2.976281881332397,0.0,1.02,39.27,400.0,3.013768196105957,,,,,
0.0,0.9,0.01,0.1,2.7222461700439453,359.91,0.0,9.27,86.3,3.066887617111206,359.91,0.51,14.21,225.4,2.8710596561431885,359.91,3.14,12.06,168.2,2.949304342269897,0.0,1.1,20.82,142.4,2.9126696586608887,0.0,3.49,34.66,149.8,2.963066339492798,0.0,0.0,11.91,400.0,3.0358545780181885,359.91,0.0,14.41,400.0,2.9885287284851074,0.0,1.76,32.81,290.8,2.8381364345550537,0.0,0.0,33.49,400.0,3.046090841293335,0.0,0.0,39.47,198.8,2.9134387969970703,359.91,0.0,40.0,264.5,2.8882901668548584,0.0,8.18,35.74,400.0,3.019062042236328,359.91,4.78,40.0,400.0,3.0129005908966064,359.91,4.44,40.0,321.2,2.998663663864136,0.0,7.93,31.98,400.0,2.695230722427368,0.0,0.45,40.0,362.7,3.008275270462036,0.0,0.0,20.86,400.0,3.045140027999878,,,,,
0.0,0.0,0.01,0.0,2.753512144088745,359.91,2.84,10.34,163.6,3.103568315505981,359.91,5.76,16.38,215.6,2.9042744636535645,359.91,5.99,15.33,290.7,2.9925661087036133,0.0,0.0,18.28,186.7,2.950136423110962,0.0,0.0,26.25,129.6,2.9821579456329346,0.0,1.69,40.0,400.0,3.060567855834961,359.91,9.48,40.0,308.5,3.0324156284332275,0.0,10.44,18.33,400.0,2.8693885803222656,0.0,4.63,40.0,377.8,3.077317476272583,0.0,0.0,21.02,400.0,2.954345703125,359.91,6.18,38.35,400.0,2.9173731803894043,0.0,1.6,40.0,400.0,3.0504469871521,359.91,2.53,25.37,273.0,3.0285415649414062,359.91,0.0,40.0,400.0,3.0300121307373047,0.0,1.69,39.76,400.0,2.714653253555298,0.0,7.87,40.0,290.1,3.02402925491333,0.0,3.41,35.47,400.0,3.060762882232666,,,,,
0.0,0.0,0.02,0.2,2.7691237926483154,359.91,2.04,13.73,123.3,3.1325926780700684,359.91,0.0,7.24,103.6,2.9288880825042725,359.91,0.0,15.98,138.5,3.01493501663208,0.0,4.48,22.42,339.2,2.975519895553589,0.0,0.2,20.8,351.4,3.0122220516204834,0.0,7.5,40.0,253.8,3.084566831588745,359.91,1.02,40.0,176.8,3.061161994934082,0.0,1.32,40.0,297.9,2.901023626327514,0.0,4.5,33.46,400.0,3.095109939575196,0.0,4.65,31.12,238.5,2.976712465286255,0.0,2.88,40.0,275.5,2.942657232284546,0.0,0.0,17.41,400.0,3.0820794105529785,0.0,0.0,40.0,241.0,3.066301822662353,359.91,4.39,40.0,400.0,3.0613033771514893,0.0,0.0,31.68,400.0,2.7303895950317383,0.0,1.89,40.0,369.6,3.0552027225494385,0.0,5.73,40.0,400.0,3.0924859046936035,,,,,
0.0,0.0,0.02,0.2,2.8004839420318604,359.91,0.0,7.55,84.2,3.1491639614105225,359.91,0.68,12.15,133.5,2.944634199142456,359.91,2.06,14.19,219.2,3.030679702758789,0.0,5.47,31.55,236.4,3.000051021575928,0.0,9.02,39.93,361.3,3.0240020751953125,0.0,1.7,23.13,282.7,3.1082115173339844,359.91,0.09,37.62,400.0,3.0822536945343018,0.0,0.0,12.26,250.2,2.9167280197143555,0.0,0.73,40.0,361.2,3.124472618103028,0.0,3.37,40.0,288.2,3.0025670528411865,0.0,0.0,40.0,173.0,2.9525928497314453,0.0,2.67,39.1,394.1,3.097834587097168,0.0,0.72,33.29,400.0,3.081960439682007,359.91,2.49,40.0,289.7,3.077989339828491,0.0,3.49,27.99,400.0,2.768965244293213,0.0,0.0,40.0,250.1,3.0707857608795166,0.0,0.78,39.6,334.8,3.1117348670959477,,,,,
0.0,0.67,0.02,0.2,2.816617250442505,359.91,2.54,12.08,107.7,3.180504560470581,359.91,5.15,14.2,163.6,2.975896120071411,359.91,3.24,16.33,258.5,3.061821222305298,0.0,0.11,21.13,84.2,3.015675067901612,0.0,3.91,36.68,157.1,3.0553486347198486,0.0,0.0,16.99,395.7,3.123942613601685,359.91,8.37,28.5,400.0,3.113504409790039,0.0,1.06,31.87,400.0,2.9493253231048584,0.0,0.0,40.0,389.4,3.1401031017303467,0.0,0.0,25.75,203.3,3.02381443977356,0.0,0.0,31.64,400.0,2.9838414192199707,0.0,8.56,40.0,400.0,3.1290462017059326,0.0,10.48,29.05,317.3,3.119739532470703,359.91,0.0,40.0,184.4,3.109367847442627,0.0,8.18,37.78,400.0,2.781091690063477,0.0,0.46,40.0,306.9,3.1044607162475586,0.0,0.0,34.98,400.0,3.140028238296509,,,,,
0.0,2.98,0.02,0.2,2.832374095916748,359.91,3.13,10.5,73.5,3.196636915206909,359.91,0.0,8.45,60.8,3.0074851512908936,359.91,0.0,14.97,145.2,3.093179941177368,0.0,0.0,11.01,147.9,3.047035217285156,0.0,0.0,11.02,146.9,3.082066297531128,0.0,1.46,40.0,400.0,3.155716180801392,359.91,0.88,31.55,194.3,3.129624128341675,0.0,8.76,33.49,172.9,2.974600076675415,0.0,2.39,23.19,400.0,3.17132830619812,0.0,0.0,24.14,269.7,3.0395514965057373,0.0,3.79,28.1,213.0,3.0152010917663574,0.0,1.98,40.0,400.0,3.1446962356567383,0.0,1.13,40.0,360.9,3.1323282718658447,359.91,5.15,40.0,400.0,3.1406383514404297,0.0,1.88,40.0,400.0,2.813039779663086,0.0,8.3,40.0,400.0,3.118567705154419,0.0,2.26,40.0,352.0,3.171305656433105,,,,,
0.0,5.19,0.02,0.4,2.863497972488404,359.91,0.0,3.21,49.6,3.228013277053833,359.91,0.46,14.24,122.0,3.0232293605804443,359.91,5.42,13.18,157.1,3.1262128353118896,0.0,3.11,20.67,217.9,3.063253879547119,0.0,0.0,23.53,400.0,3.1028153896331787,0.0,8.24,40.0,278.4,3.187100648880005,359.91,2.51,32.55,258.6,3.160989999771118,0.0,1.21,32.81,291.4,2.9931957721710205,0.0,4.84,40.0,257.8,3.202705383300781,0.0,8.47,40.0,261.3,3.07043194770813,0.0,3.24,40.0,351.5,3.030822277069092,0.0,0.0,36.46,189.3,3.1764369010925293,0.0,0.0,40.0,192.7,3.1662960052490234,359.91,2.38,40.0,328.4,3.156401395797729,0.0,0.0,37.62,400.0,2.8287954330444336,0.0,2.08,40.0,330.8,3.149933099746704,0.0,6.11,40.0,346.5,3.186931610107422,,,,,
0.0,9.26,0.03,0.2,2.8792409896850586,359.91,1.57,11.56,117.4,3.259235143661499,359.91,6.82,19.55,198.9,3.054460048675537,359.91,1.69,26.86,257.7,3.1489861011505127,0.0,8.96,20.07,302.8,3.096304655075073,0.0,4.39,40.0,250.1,3.13416075706482,0.0,1.3,25.4,306.9,3.2027065753936768,359.91,5.54,40.0,345.1,3.1921322345733643,0.0,0.0,11.15,288.6,3.025062561035156,0.0,1.13,39.7,384.7,3.218445539474488,0.0,3.6,27.48,343.4,3.101572275161743,0.0,0.0,23.33,333.3,3.0626728534698486,0.0,2.81,40.0,331.7,3.1921842098236084,0.0,3.9,40.0,400.0,3.1798653602600098,359.91,0.0,40.0,283.7,3.187765121459961,0.0,1.68,37.62,400.0,2.860021114349365,0.0,0.0,30.59,258.3,3.181182146072388,0.0,1.08,40.0,400.0,3.218204975128174,,,,,
0.0,6.14,0.03,0.3,2.9110372066497803,359.91,6.81,11.8,115.3,3.283885717391968,359.91,0.0,17.13,88.6,3.0856919288635254,359.91,0.0,22.51,182.9,3.179844856262207,0.0,1.29,29.64,330.1,3.115319013595581,0.0,4.96,38.77,214.8,3.1497817039489746,0.0,0.0,17.46,340.4,3.233975648880005,359.91,0.0,15.41,301.3,3.2198750972747803,0.0,1.52,28.85,348.5,3.0407369136810303,0.0,0.0,12.76,400.0,3.2495827674865723,0.0,0.2,24.64,182.2,3.117310047149658,0.0,0.0,30.08,249.7,3.0819287300109863,0.0,9.08,33.58,365.1,3.223440408706665,0.0,8.62,33.81,262.1,3.211217403411865,359.91,10.52,40.0,395.6,3.2189040184021,0.0,8.45,40.0,400.0,2.8912923336029053,0.0,1.06,40.0,400.0,3.2049217224121094,0.0,0.0,40.0,321.7,3.2463622093200684,,,,,
0.0,2.48,0.02,0.1,2.926711082458496,359.91,0.0,5.96,58.9,3.3083300590515137,359.91,1.22,11.36,127.1,3.117675304412842,359.91,8.64,18.26,149.2,3.203129529953003,0.0,0.0,18.77,124.9,3.146660089492798,0.0,0.0,20.04,117.5,3.182136058807373,0.0,1.33,40.0,152.4,3.25009822845459,359.91,2.29,16.22,400.0,3.239750862121582,0.0,7.14,37.12,187.9,3.072027444839477,0.0,3.45,40.0,207.7,3.26531195640564,0.0,0.3,30.09,250.8,3.1485238075256348,0.0,11.38,39.42,360.0,3.110205173492432,0.0,1.42,40.0,249.4,3.2545626163482666,0.0,1.29,40.0,309.0,3.24253511428833,359.91,0.82,40.0,297.5,3.2346370220184326,0.0,1.98,40.0,400.0,2.907419204711914,0.0,8.75,39.94,400.0,3.2346434593200684,0.0,5.65,35.3,400.0,3.270054817199707,,,,,
0.0,1.64,0.01,0.2,2.9424049854278564,359.91,0.44,11.21,118.4,3.3330986499786377,359.91,8.58,11.32,170.2,3.1332950592041016,359.91,2.0,20.59,219.5,3.226997375488281,0.0,1.51,12.65,201.0,3.162290334701538,0.0,0.0,21.43,397.6,3.212960720062256,0.0,8.76,40.0,256.7,3.281477212905884,359.91,4.88,40.0,265.4,3.270987272262573,0.0,1.4,34.17,302.9,3.099783182144165,0.0,5.08,32.03,319.9,3.2971532344818115,0.0,10.1,28.43,340.8,3.164686679840088,0.0,2.32,40.0,305.1,3.141493558883667,0.0,0.0,34.57,261.9,3.270789861679077,0.0,0.0,35.7,318.4,3.2666258811950684,359.91,0.13,40.0,400.0,3.27825140953064,0.0,0.0,20.81,393.1,2.943824052810669,0.0,2.12,34.1,400.0,3.250869035720825,0.0,6.53,40.0,400.0,3.291790008544922,,,,,
0.0,0.92,0.02,0.0,2.9736549854278564,359.91,7.6,13.41,143.8,3.3644802570343018,359.91,0.0,10.49,114.2,3.1704790592193604,359.91,0.02,21.41,147.3,3.2582266330718994,0.0,6.84,18.53,354.5,3.2005176544189453,0.0,5.69,36.63,159.2,3.2375550270080566,0.0,1.4,25.81,282.6,3.2970919609069824,0.0,0.0,26.43,229.2,3.302245855331421,359.91,0.0,40.0,209.2,3.1196508407592773,0.0,0.99,27.1,277.4,3.312895059585572,0.0,2.51,40.0,278.6,3.195946455001831,0.0,0.0,38.44,400.0,3.157697916030884,0.0,2.94,22.94,255.8,3.3021585941314697,0.0,3.4,25.11,275.9,3.280249118804932,359.91,7.36,40.0,400.0,3.294485092163086,0.0,0.78,40.0,363.5,2.954657554626465,0.0,0.0,19.11,366.3,3.283986568450928,0.0,1.09,31.62,400.0,3.312629461288452,,,,,
0.0,0.0,0.01,0.1,2.989285945892334,359.91,0.0,9.5,75.3,3.384093999862671,359.91,2.94,10.17,122.8,3.200413465499878,359.91,10.89,18.12,147.1,3.273864269256592,0.0,1.15,33.82,297.9,3.2255120277404785,0.0,3.12,14.32,261.8,3.257286310195923,0.0,0.0,15.67,360.3,3.3283369541168213,0.0,0.0,23.98,277.5,3.3200032711029053,359.91,10.24,38.94,196.8,3.150784492492676,0.0,0.0,22.29,191.7,3.3441288471221924,0.0,0.0,39.27,400.0,3.2273051738739014,0.0,0.33,33.72,400.0,3.191774606704712,0.0,9.3,37.1,370.5,3.3177859783172607,0.0,6.66,40.0,390.2,3.3116202354431152,359.91,0.0,40.0,223.3,3.3258490562438965,0.0,8.88,40.0,400.0,2.9859535694122314,0.0,0.67,32.51,400.0,3.3087317943573,0.0,0.0,22.96,400.0,3.3394854068756104,,,,,
0.0,0.0,0.02,0.1,3.004412174224853,359.91,0.0,10.43,117.1,3.41187047958374,359.91,5.89,10.92,115.6,3.21365737915039,359.91,0.19,22.95,169.6,3.305661916732788,0.0,0.0,19.48,132.4,3.24755597114563,0.0,0.0,25.55,175.8,3.28213119506836,0.0,2.66,40.0,183.5,3.360110282897949,0.0,5.06,40.0,173.3,3.3489856719970703,359.91,0.81,40.0,175.2,3.182831287384033,0.0,3.92,24.68,342.6,3.3752870559692383,0.0,1.16,34.42,400.0,3.2529637813568115,0.0,10.54,40.0,256.1,3.216735601425171,0.0,1.46,27.13,400.0,3.348915338516236,0.0,1.37,33.65,400.0,3.34286904335022,359.91,4.4,40.0,303.4,3.35760235786438,0.0,1.16,40.0,400.0,3.0179004669189453,0.0,8.9,32.51,400.0,3.332338809967041,0.0,5.9,33.59,400.0,3.3551290035247803,,,,,
0.0,0.0,0.01,0.2,3.035757064819336,359.91,8.56,14.69,131.5,3.443234205245972,359.91,0.0,10.37,126.5,3.2449748516082764,359.91,1.75,15.31,195.9,3.336981296539306,0.0,3.41,21.65,204.3,3.2749502658843994,0.0,0.0,33.21,365.2,3.304996967315674,0.0,6.89,20.41,272.8,3.375839233398437,0.0,3.62,20.01,308.6,3.364572286605835,359.91,3.69,40.0,193.0,3.207557916641236,0.0,5.86,30.45,304.5,3.398407459259033,0.0,11.57,40.0,316.0,3.277946710586548,0.0,1.87,32.42,400.0,3.232382774353028,0.0,0.0,19.77,274.6,3.380845308303833,0.0,0.0,17.44,260.6,3.3666141033172607,359.91,4.46,40.0,400.0,3.3733034133911133,0.0,0.0,25.84,308.2,3.0336387157440186,0.0,2.07,37.78,400.0,3.3512983322143555,0.0,6.69,39.6,331.3,3.386349439620972,,,,,
0.0,1.01,0.01,0.2,3.051421880722046,359.91,0.98,10.04,77.7,3.458930015563965,359.91,3.18,13.08,103.7,3.27626633644104,359.91,5.33,15.01,219.9,3.368231773376465,0.0,6.8,23.46,204.0,3.298900365829468,0.0,9.16,34.74,155.4,3.336198806762696,0.0,1.44,23.87,245.1,3.4070935249328613,0.0,0.29,26.73,225.0,3.395941257476806,,,,,,0.0,1.04,39.6,201.6,3.414018154144287,0.0,1.84,23.12,328.7,3.2993834018707275,,,,,,0.0,2.95,40.0,400.0,3.401876449584961,0.0,3.61,39.7,400.0,3.3898191452026367,359.91,0.0,35.33,208.8,3.4045934677124023,0.0,0.47,40.0,400.0,3.0650548934936523,0.0,0.0,17.87,400.0,3.3669116497039795,0.0,1.19,40.0,400.0,3.418123960494995,,,,,
0.0,3.3,0.02,0.3,3.083012819290161,359.91,0.01,10.56,119.5,3.490853786468506,,,,,,,,,,,,,,,,,,,,,0.0,0.0,16.49,397.6,3.422715425491333,0.0,0.0,25.9,348.2,3.420077085494995,,,,,,359.91,1.51,40.0,208.6,3.453995704650879,,,,,,,,,,,0.0,7.6,28.32,400.0,3.430753469467163,0.0,6.98,25.85,400.0,3.4055683612823486,359.91,3.24,40.0,268.3,3.437102794647217,0.0,9.36,40.0,400.0,3.080708265304565,0.0,0.4,36.13,394.9,3.4052743911743164,0.0,0.0,32.67,317.3,3.4338691234588623,,,,,
0.0,10.88,0.02,0.2,3.1047537326812744,359.91,11.06,12.19,125.2,3.522108793258667,,,,,,,,,,,,,,,,,,,,,0.0,1.86,40.0,201.1,3.4620511531829834,0.0,6.48,40.0,176.3,3.443448543548584,,,,,,359.91,7.45,40.0,209.7,3.4824819564819336,,,,,,,,,,,0.0,1.43,40.0,400.0,3.4526469707489014,0.0,1.21,32.0,400.0,3.436800003051758,0.0,5.28,40.0,308.2,3.453256607055664,,,,,,0.0,9.13,40.0,400.0,3.4301466941833496,0.0,5.82,40.0,354.7,3.465134859085083,,,,,
